SALE TYPE,SOLD DATE,PROPERTY TYPE,ADDRESS,CITY,STATE OR PROVINCE,ZIP OR POSTAL CODE,PRICE,BEDS,BATHS,LOCATION,SQUARE FEET,LOT SIZE,YEAR BUILT,DAYS ON MARKET,$/SQUARE FEET,HOA/MONTH,STATUS,NEXT OPEN HOUSE START TIME,NEXT OPEN HOUSE END TIME,URL (SEE http://www.redfin.com/buy-a-home/comparative-market-analysis FOR INFO ON PRICING),SOURCE,MLS#,FAVORITE,INTERESTED,LATITUDE,LONGITUDE
PAST SALE,April-26-2021,Single Family Residential,727 San Benito Ave,MENLO PARK,CA,94025,2658000,4,3.5,MENLO PARK,2256,5350,2021,125,1178,,Sold,,,http://www.redfin.com/CA/Menlo-Park/727-San-Benito-Ave-94025/home/847701,MLSListings,ML81833151,N,Y,37.4759296,-122.1940493
PAST SALE,,Single Family Residential,828 Fifteenth Ave,Menlo Park,CA,94025,1405000,3,1.0,,1110,7400,1950,,1266,,,,,http://www.redfin.com/CA/Menlo-Park/828-Fifteenth-Ave-94025/home/1864313,,,N,Y,37.4762319,-122.1908779
PAST SALE,May-27-2021,Single Family Residential,751 Partridge Ave,MENLO PARK,CA,94025,2875000,3,2.5,MENLO PARK,1910,8116,1991,94,1505,,Sold,,,http://www.redfin.com/CA/Menlo-Park/751-Partridge-Ave-94025/home/1507189,MLSListings,ML81842096,N,Y,37.4470542,-122.1760931
PAST SALE,March-29-2021,Single Family Residential,179 Hedge Rd,MENLO PARK,CA,94025,2375000,3,2.5,MENLO PARK,1400,5500,1947,153,1696,,Sold,,,http://www.redfin.com/CA/Menlo-Park/179-Hedge-Rd-94025/home/1942357,MLSListings,ML81830575,N,Y,37.4784865,-122.1757802
PAST SALE,April-21-2021,Single Family Residential,301 Arbor Rd,MENLO PARK,CA,94025,4050000,3,3.0,MENLO PARK,2344,10788,1948,130,1728,,Sold,,,http://www.redfin.com/CA/Menlo-Park/301-Arbor-Rd-94025/home/892927,MLSListings,ML81837419,N,Y,37.4426036,-122.1806138
PAST SALE,,Single Family Residential,654 Hermosa Way,Menlo Park,CA,94025,5400000,4,2.0,,1750,21816,1933,,3086,,,,,http://www.redfin.com/CA/Menlo-Park/654-Hermosa-Way-94025/home/1809660,,,N,Y,37.4408961,-122.1872209
PAST SALE,July-8-2021,Single Family Residential,966 Menlo Ave,MENLO PARK,CA,94025,2970000,4,3.0,MENLO PARK,1714,7696,2021,52,1733,,Sold,,,http://www.redfin.com/CA/Menlo-Park/966-Menlo-Ave-94025/home/1851281,MLSListings,ML81838204,N,Y,37.4480705,-122.1862897
PAST SALE,,Single Family Residential,727 San Benito Ave,Menlo Park,CA,94025,2658000,4,4.0,,2256,5350,2021,,1178,,,,,http://www.redfin.com/CA/Menlo-Park/727-San-Benito-Ave-94025/home/146704919,,,N,Y,37.4759296,-122.1940493
PAST SALE,,Single Family Residential,555 Hamilton Ave,Menlo Park,CA,94025,429000,4,3.0,,2020,3070,2007,,212,,,,,http://www.redfin.com/CA/Menlo-Park/555-Hamilton-Ave-94025/home/17307517,,,N,Y,37.4792239,-122.1589273
PAST SALE,June-7-2021,Single Family Residential,895 15th Ave,Menlo Park,CA,94025,1515000,2,2.0,North Fair Oaks,1030,6200,1950,83,1471,,Sold,,,http://www.redfin.com/CA/Menlo-Park/895-Fifteenth-Ave-94025/home/1231549,"bridgeMLS, Bay East AOR, or Contra Costa AOR",40948523,N,Y,37.476522,-122.1873261
PAST SALE,April-9-2021,Single Family Residential,546 6th Ave,MENLO PARK,CA,94025,1608750,2,2.0,MENLO PARK,1100,6000,1922,142,1463,,Sold,,,http://www.redfin.com/CA/Menlo-Park/546-Sixth-Ave-94025/home/845808,MLSListings,ML81834928,N,Y,37.4751818,-122.2011876
PAST SALE,July-9-2021,Single Family Residential,417 9th Ave,MENLO PARK,CA,94025,2000000,3,2.0,MENLO PARK,1420,5350,1950,51,1408,,Sold,,,http://www.redfin.com/CA/Menlo-Park/417-9th-Ave-94025/home/1991978,MLSListings,ML81845283,Y,Y,37.4710429,-122.2010102
PAST SALE,May-28-2021,Single Family Residential,659 Palmer Ln,MENLO PARK,CA,94025,2560000,4,3.5,MENLO PARK,2740,5700,2007,93,934,,Sold,,,http://www.redfin.com/CA/Menlo-Park/659-Palmer-Ln-94025/home/17307403,MLSListings,ML81836756,N,Y,37.4740982,-122.1928078
PAST SALE,July-23-2021,Single Family Residential,515 Palmer Ln,MENLO PARK,CA,94025,4015000,5,5.5,MENLO PARK,3176,10000,2011,37,1264,,Sold,,,http://www.redfin.com/CA/Menlo-Park/515-Palmer-Ln-94025/home/1802560,MLSListings,ML81845042,N,Y,37.4719867,-122.1945814
PAST SALE,July-30-2021,Single Family Residential,501 Fanita Way,MENLO PARK,CA,94025,5150000,4,4.0,MENLO PARK,3301,12600,1950,30,1560,,Sold,,,http://www.redfin.com/CA/Menlo-Park/501-Fanita-Way-94025/home/888416,MLSListings,ML81843378,N,Y,37.4353955,-122.1909012
PAST SALE,June-23-2021,Single Family Residential,2045 Sharon Rd,MENLO PARK,CA,94025,4700000,3,1.5,MENLO PARK,1720,15904,1937,67,2733,,Sold,,,http://www.redfin.com/CA/Menlo-Park/2045-Sharon-Rd-94025/home/1988663,MLSListings,ML81846576,N,Y,37.4311406,-122.1980619
PAST SALE,May-4-2021,Single Family Residential,998 Lucky Ave,MENLO PARK,CA,94025,2320000,2,1.0,MENLO PARK,860,5225,1955,117,2698,,Sold,,,http://www.redfin.com/CA/Menlo-Park/998-Lucky-Ave-94025/home/2059259,MLSListings,ML81836948,Y,Y,37.4318855,-122.1993698
PAST SALE,July-27-2021,Single Family Residential,950 Cloud Ave,MENLO PARK,CA,94025,2950000,4,2.0,MENLO PARK,1730,5500,1946,33,1705,,Sold,,,http://www.redfin.com/CA/Menlo-Park/950-Cloud-Ave-94025/home/1016437,MLSListings,ML81847655,N,Y,37.4329416,-122.1984831
PAST SALE,May-27-2021,Single Family Residential,775 Oak Knoll Ln,MENLO PARK,CA,94025,6000000,5,4.0,MENLO PARK,4007,13585,2012,94,1497,,Sold,,,http://www.redfin.com/CA/Menlo-Park/775-Oak-Knoll-Ln-94025/home/1727134,MLSListings,ML81828420,N,Y,37.4322125,-122.1954443
PAST SALE,April-27-2021,Single Family Residential,170 Stone Pine Ln,MENLO PARK,CA,94025,2350000,3,2.5,MENLO PARK,2456,1742,1964,124,957,195,Sold,,,http://www.redfin.com/CA/Menlo-Park/170-Stone-Pine-Ln-94025/home/1931964,MLSListings,ML81838423,N,Y,37.4592527,-122.1908679
PAST SALE,,Single Family Residential,720 Twelfth Ave,Menlo Park,CA,94025,3070000,5,5.0,,2934,8025,2020,,1046,,,,,http://www.redfin.com/CA/Menlo-Park/720-Twelfth-Ave-94025/home/146704918,,,N,Y,37.4759387,-122.1944061
PAST SALE,,Single Family Residential,765 Fourteenth Ave,Menlo Park,CA,94025,1450000,3,2.0,,1260,5350,1947,,1151,,,,,http://www.redfin.com/CA/Menlo-Park/765-Fourteenth-Ave-94025/home/1836695,,,N,Y,37.4760854,-122.1926748
PAST SALE,,Single Family Residential,540 Palmer Ln,Menlo Park,CA,94025,3000000,4,4.0,,2447,9600,1959,,1226,,,,,http://www.redfin.com/CA/Menlo-Park/540-Palmer-Ln-94025/home/1050009,,,N,Y,37.4725438,-122.1931182
PAST SALE,April-19-2021,Single Family Residential,561 6th Ave,MENLO PARK,CA,94025,1650000,3,2.0,MENLO PARK,1516,5600,1924,132,1088,,Sold,,,http://www.redfin.com/CA/Menlo-Park/561-Sixth-Ave-94025/home/1904274,MLSListings,ML81833219,N,Y,37.4752581,-122.2016753
PAST SALE,April-9-2021,Single Family Residential,500 8th Ave,MENLO PARK,CA,94025,2850000,4,3.5,MENLO PARK,3030,8025,2007,142,941,,Sold,,,http://www.redfin.com/CA/Menlo-Park/500-Eighth-Ave-94025/home/2029889,MLSListings,ML81831865,N,Y,37.4735512,-122.1999018
PAST SALE,,Single Family Residential,1165 San Mateo Dr,Menlo Park,CA,94025,7702500,4,3.0,,3320,35700,1936,,2320,,,,,http://www.redfin.com/CA/Menlo-Park/1165-San-Mateo-Dr-94025/home/884466,,,N,Y,37.4453676,-122.1916106
PAST SALE,,Single Family Residential,1016 Cotton St,Menlo Park,CA,94025,4300000,4,3.0,,2230,11000,1950,,1928,,,,,http://www.redfin.com/CA/Menlo-Park/1016-Cotton-St-94025/home/889371,,,N,Y,37.441892,-122.1918323
PAST SALE,March-11-2021,Single Family Residential,6 Patterson Ave,MENLO PARK,CA,94025,3600000,4,3.0,MENLO PARK,2940,7800,1988,171,1224,,Sold,,,http://www.redfin.com/CA/Menlo-Park/6-Patterson-Ave-94025/home/884531,MLSListings,ML81826804,N,Y,37.4400484,-122.2061531
PAST SALE,May-7-2021,Single Family Residential,2051 Valparaiso Ave,MENLO PARK,CA,94025,3600000,4,3.0,MENLO PARK,2528,6000,2016,114,1424,,Sold,,,http://www.redfin.com/CA/Menlo-Park/2051-Valparaiso-Ave-94025/home/2020402,MLSListings,ML81835264,N,Y,37.4346312,-122.2050004
PAST SALE,March-19-2021,Single Family Residential,1760 Croner Ave,MENLO PARK,CA,94025,4200000,4,3.5,MENLO PARK,2503,5650,2017,163,1678,,Sold,,,http://www.redfin.com/CA/Menlo-Park/1760-Croner-Ave-94025/home/1324669,MLSListings,ML81832138,N,Y,37.4362185,-122.1999018
PAST SALE,,Single Family Residential,1114 Werth Ave,Menlo Park,CA,94025,2827500,3,2.0,,1710,7200,1951,,1654,,,,,http://www.redfin.com/CA/Menlo-Park/1114-Werth-Ave-94025/home/890385,,,N,Y,37.4449092,-122.185292
PAST SALE,March-31-2021,Single Family Residential,1140 Altschul Ave,MENLO PARK,CA,94025,4225000,4,4.0,MENLO PARK,2832,6960,2009,151,1492,,Sold,,,http://www.redfin.com/CA/Menlo-Park/1140-Altschul-Ave-94025/home/1203620,MLSListings,ML81830727,N,Y,37.4309245,-122.2043797
PAST SALE,May-12-2021,Single Family Residential,1110 Hillview Dr,MENLO PARK,CA,94025,3950000,4,2.5,MENLO PARK,2430,9234,1951,109,1626,,Sold,,,http://www.redfin.com/CA/Menlo-Park/1110-Hillview-Dr-94025/home/1213985,MLSListings,ML81835660,N,Y,37.4411718,-122.1938941
PAST SALE,,Single Family Residential,1250 Hermosa Way,Menlo Park,CA,94025,4850000,3,2.0,,2265,17800,1947,,2141,,,,,http://www.redfin.com/CA/Menlo-Park/1250-Hermosa-Way-94025/home/1865046,,,N,Y,37.4443987,-122.1936281
PAST SALE,June-16-2021,Single Family Residential,1365 Corinne Ln,MENLO PARK,CA,94025,5300000,4,2.5,MENLO PARK,3080,14950,1959,74,1721,,Sold,,,http://www.redfin.com/CA/Menlo-Park/1365-Corinne-Ln-94025/home/1926933,MLSListings,ML81843319,N,Y,37.4453696,-122.1943153
PAST SALE,May-10-2021,Single Family Residential,23 Sunset Ln,MENLO PARK,CA,94025,10000000,5,6.0,MENLO PARK,5060,16042,2021,111,1976,,Sold,,,http://www.redfin.com/CA/Menlo-Park/23-Sunset-Ln-94025/home/900752,MLSListings,ML81826354,N,Y,37.4230482,-122.2059536
PAST SALE,May-18-2021,Single Family Residential,1805 Bay Laurel Dr,MENLO PARK,CA,94025,4200000,3,2.0,MENLO PARK,3044,14860,1953,103,1380,,Sold,,,http://www.redfin.com/CA/Menlo-Park/1805-Bay-Laurel-Dr-94025/home/888263,MLSListings,ML81837414,N,Y,37.4323727,-122.1887063
PAST SALE,April-13-2021,Single Family Residential,2150 Sharon Rd,MENLO PARK,CA,94025,5000000,4,3.5,MENLO PARK,3663,12240,1941,138,1365,,Sold,,,http://www.redfin.com/CA/Menlo-Park/2150-Sharon-Rd-94025/home/895343,MLSListings,ML81836650,N,Y,37.4297506,-122.199924
PAST SALE,March-24-2021,Single Family Residential,2141 Sterling Ave,MENLO PARK,CA,94025,4270000,4,4.5,MENLO PARK,2682,6000,2021,158,1592,,Sold,,,http://www.redfin.com/CA/Menlo-Park/2141-Sterling-Ave-94025/home/1379862,MLSListings,ML81827529,N,Y,37.432628,-122.205396
PAST SALE,May-17-2021,Single Family Residential,980 Lassen Dr,MENLO PARK,CA,94025,2675000,4,3.5,MENLO PARK,3250,6700,1979,104,823,999,Sold,,,http://www.redfin.com/CA/Menlo-Park/980-Lassen-Dr-94025/home/2037794,MLSListings,ML81834718,N,Y,37.427473,-122.21136
PAST SALE,,Single Family Residential,1180 Arbor Rd,Menlo Park,CA,94025,12900000,6,6.0,,8617,29185,2019,,1497,,,,,http://www.redfin.com/CA/Menlo-Park/1180-Arbor-Rd-94025/home/886491,,,N,Y,37.4486659,-122.1892606
PAST SALE,April-27-2021,Single Family Residential,970 Millie Ave,MENLO PARK,CA,94025,2600000,2,1.0,MENLO PARK,1240,6102,1948,124,2097,,Sold,,,http://www.redfin.com/CA/Menlo-Park/970-Millie-Ave-94025/home/1479656,MLSListings,ML81837798,N,Y,37.450023,-122.1888615
PAST SALE,March-30-2021,Single Family Residential,283 Leland Ave,MENLO PARK,CA,94025,3800000,4,2.5,MENLO PARK,2559,5650,2006,152,1485,,Sold,,,http://www.redfin.com/CA/Menlo-Park/283-Leland-Ave-94025/home/895480,MLSListings,ML81829977,N,Y,37.4293027,-122.1942488
PAST SALE,March-29-2021,Single Family Residential,1082 Lucky Ave,MENLO PARK,CA,94025,2650000,4,2.0,MENLO PARK,1592,4947,1956,153,1665,,Sold,,,http://www.redfin.com/CA/Menlo-Park/1082-Lucky-Ave-94025/home/1601327,MLSListings,ML81831391,N,Y,37.43253,-122.2006999
PAST SALE,April-22-2021,Single Family Residential,1664 Oak Ave,MENLO PARK,CA,94025,4365000,4,2.5,MENLO PARK,2464,10010,1958,129,1772,,Sold,,,http://www.redfin.com/CA/Menlo-Park/1664-Oak-Ave-94025/home/1988621,MLSListings,ML81834536,N,Y,37.4358756,-122.1878417
PAST SALE,April-2-2021,Single Family Residential,984 Monte Rosa Dr,MENLO PARK,CA,94025,4171000,6,5.0,MENLO PARK,3566,18500,1964,149,1170,,Sold,,,http://www.redfin.com/CA/Menlo-Park/984-Monte-Rosa-Dr-94025/home/1718974,MLSListings,ML81829879,N,Y,37.426249,-122.2079929
PAST SALE,,Single Family Residential,845 San Mateo Dr,Menlo Park,CA,94025,3900000,4,2.0,,2230,10640,1951,,1749,,,,,http://www.redfin.com/CA/Menlo-Park/845-San-Mateo-Dr-94025/home/1980278,,,N,Y,37.4422073,-122.1883294
PAST SALE,,Single Family Residential,1160 Saxon Way,Menlo Park,CA,94025,4500000,3,3.0,,2930,11025,1953,,1536,,,,,http://www.redfin.com/CA/Menlo-Park/1160-Saxon-Way-94025/home/2025021,,,N,Y,37.4443104,-122.1869549
PAST SALE,July-13-2021,Single Family Residential,1300 N Lemon Ave,MENLO PARK,CA,94025,3950000,3,2.0,MENLO PARK,2175,10400,1960,47,1816,,Sold,,,http://www.redfin.com/CA/Menlo-Park/1300-N-Lemon-Ave-94025/home/884282,MLSListings,ML81848758,N,Y,37.4382424,-122.1992811
PAST SALE,May-14-2021,Single Family Residential,1325 Garden Ln,MENLO PARK,CA,94025,7550000,4,5.5,MENLO PARK,5047,10235,2014,107,1496,,Sold,,,http://www.redfin.com/CA/Menlo-Park/1325-Garden-Ln-94025/home/1417660,MLSListings,ML81837761,N,Y,37.4470186,-122.1925861
PAST SALE,April-5-2021,Single Family Residential,1351 Carlton Ave,Menlo Park,CA,94025,950000,2,1.0,Bellhaven,1070,6000,1950,146,888,,Sold,,,http://www.redfin.com/CA/Menlo-Park/1351-Carlton-Ave-94025/home/1173173,"bridgeMLS, Bay East AOR, or Contra Costa AOR",40929883,N,Y,37.4782215,-122.1534717
PAST SALE,May-10-2021,Single Family Residential,219 Oakhurst Pl,MENLO PARK,CA,94025,2560000,4,2.0,MENLO PARK,1800,5750,1948,111,1422,,Sold,,,http://www.redfin.com/CA/Menlo-Park/219-Oakhurst-Pl-94025/home/820580,MLSListings,ML81836703,N,Y,37.4778677,-122.1738733
PAST SALE,June-17-2021,Single Family Residential,295 Oakhurst Pl,MENLO PARK,CA,94025,2305000,3,2.0,MENLO PARK,1275,5457,1948,73,1808,,Sold,,,http://www.redfin.com/CA/Menlo-Park/295-Oakhurst-Pl-94025/home/820802,MLSListings,ML81844172,Y,Y,37.4765707,-122.1738289
PAST SALE,May-27-2021,Single Family Residential,247 Oakhurst Pl,MENLO PARK,CA,94025,3500000,4,3.0,MENLO PARK,2873,7040,2010,94,1218,,Sold,,,http://www.redfin.com/CA/Menlo-Park/247-Oakhurst-Pl-94025/home/1315493,MLSListings,ML81842031,N,Y,37.4775469,-122.1725872
PAST SALE,July-12-2021,Single Family Residential,375 Hedge Rd,MENLO PARK,CA,94025,2367125,3,2.0,MENLO PARK,1520,5450,1950,48,1557,,Sold,,,http://www.redfin.com/CA/Menlo-Park/375-Hedge-Rd-94025/home/1767053,MLSListings,ML81853001,N,Y,37.4758249,-122.1736959
PAST SALE,July-16-2021,Single Family Residential,223 Hedge Rd,MENLO PARK,CA,94025,1740000,3,1.0,MENLO PARK,1200,5500,1947,44,1450,,Sold,,,http://www.redfin.com/CA/Menlo-Park/223-Hedge-Rd-94025/home/1850267,MLSListings,ML81842425,N,Y,37.4786419,-122.1738511
PAST SALE,July-21-2021,Single Family Residential,319 Hedge Rd,MENLO PARK,CA,94025,1705000,2,1.0,MENLO PARK,1010,5500,1950,39,1688,,Sold,,,http://www.redfin.com/CA/Menlo-Park/319-Hedge-Rd-94025/home/1926367,MLSListings,ML81847431,N,Y,37.476744,-122.1716559
PAST SALE,July-16-2021,Single Family Residential,267 Hedge Rd,MENLO PARK,CA,94025,1665000,3,2.0,MENLO PARK,1360,5500,1947,44,1224,,Sold,,,http://www.redfin.com/CA/Menlo-Park/267-Hedge-Rd-94025/home/818784,MLSListings,ML81840169,N,Y,37.4781579,-122.172055
PAST SALE,,Single Family Residential,360 August Cir,Menlo Park,CA,94025,6250000,4,3.0,,2570,13455,1962,,2432,,,,,http://www.redfin.com/CA/Menlo-Park/360-August-Cir-94025/home/1028288,,,N,Y,37.4351547,-122.1871322
PAST SALE,March-30-2021,Single Family Residential,42 Camino Por Los Arboles,ATHERTON,CA,94027,12300000,5,4.0,ATHERTON,7104,63162,2001,152,1731,,Sold,,,http://www.redfin.com/CA/Atherton/42-Camino-Por-Los-Arboles-94027/home/1072436,MLSListings,ML81830301,N,Y,37.4395613,-122.2033822
PAST SALE,May-4-2021,Single Family Residential,2035 Liberty Park Ave,MENLO PARK,CA,94025,2350325,2,1.0,MENLO PARK,860,5000,1955,117,2733,,Sold,,,http://www.redfin.com/CA/West-Menlo-Park/2035-Liberty-Park-Ave-94025/home/1163289,MLSListings,ML81839265,Y,Y,37.4320518,-122.1991925
PAST SALE,,Single Family Residential,1131 Sherman Ave,Menlo Park,CA,94025,2900000,3,2.0,,1830,6250,1949,,1585,,,,,http://www.redfin.com/CA/Menlo-Park/1131-Sherman-Ave-94025/home/1695590,,,N,Y,37.4342708,-122.1999018
PAST SALE,May-27-2021,Single Family Residential,1398 Sherman Ave,MENLO PARK,CA,94025,2400000,3,2.0,MENLO PARK,1730,5952,1959,94,1387,,Sold,,,http://www.redfin.com/CA/Menlo-Park/1398-Sherman-Ave-94025/home/1851336,MLSListings,ML81837184,N,Y,37.4365771,-122.2034044
PAST SALE,August-11-2021,Single Family Residential,1320 Orange Ave,MENLO PARK,CA,94025,4420000,5,4.5,MENLO PARK,2730,6291,2021,18,1619,,Sold,,,http://www.redfin.com/CA/Menlo-Park/1320-Orange-Ave-94025/home/884209,MLSListings,ML81846022,N,Y,37.4366937,-122.2015423
PAST SALE,August-22-2021,Single Family Residential,1420 Franks Ln,MENLO PARK,CA,94025,2400000,2,1.0,MENLO PARK,1010,5000,1941,7,2376,,Sold,,,http://www.redfin.com/CA/Menlo-Park/1420-Franks-Ln-94025/home/884690,MLSListings,ML81854530,N,Y,37.4374778,-122.2037065
PAST SALE,,Single Family Residential,836 Harvard Ave,Menlo Park,CA,94025,3670000,3,2.0,,1310,8400,1938,,2802,,,,,http://www.redfin.com/CA/Menlo-Park/836-Harvard-Ave-94025/home/1454971,,,N,Y,37.4453616,-122.1756028
PAST SALE,August-13-2021,Single Family Residential,755 Cambridge Ave,MENLO PARK,CA,94025,3050000,4,4.5,MENLO PARK,2475,8100,2017,16,1232,,Sold,,,http://www.redfin.com/CA/Menlo-Park/755-Cambridge-Ave-94025/home/168639676,MLSListings,ML81833615,N,Y,37.4465286,-122.1753367
PAST SALE,March-19-2021,Single Family Residential,1350 Johnson St,MENLO PARK,CA,94025,3300000,3,2.0,MENLO PARK,1560,5750,1939,163,2115,,Sold,,,http://www.redfin.com/CA/Menlo-Park/1350-Johnson-St-94025/home/1926940,MLSListings,ML81828725,N,Y,37.4506345,-122.1905465
PAST SALE,April-30-2021,Single Family Residential,968 Menlo Ave,MENLO PARK,CA,94025,3000000,3,2.5,MENLO PARK,1680,7696,2021,121,1786,,Sold,,,http://www.redfin.com/CA/Menlo-Park/968-Menlo-Ave-94025/home/174910054,MLSListings,ML81838196,N,Y,37.4480792,-122.1864634
PAST SALE,May-21-2021,Single Family Residential,908 Menlo Ave,MENLO PARK,CA,94025,3150000,4,3.0,MENLO PARK,1934,8584,2021,100,1629,,Sold,,,http://www.redfin.com/CA/Menlo-Park/908-Menlo-Ave-94025/home/1568403,MLSListings,ML81833465,N,Y,37.4486277,-122.185935
PAST SALE,,Single Family Residential,2001 Sharon Rd,Menlo Park,CA,94025,2985000,4,4.0,,2306,5248,2009,,1294,,,,,http://www.redfin.com/CA/Menlo-Park/2001-Sharon-Rd-94025/home/21968099,,,N,Y,37.4322057,-122.1973303
PAST SALE,March-3-2021,Single Family Residential,315 Stanford Ave,MENLO PARK,CA,94025,4235000,4,3.5,MENLO PARK,2598,5650,2014,179,1630,,Sold,,,http://www.redfin.com/CA/Menlo-Park/315-Stanford-Ave-94025/home/1185315,MLSListings,ML81829401,N,Y,37.4297855,-122.1955568
PAST SALE,June-17-2021,Single Family Residential,1255 Elder Ave,MENLO PARK,CA,94025,5295000,4,4.0,MENLO PARK,3475,10000,1986,73,1524,,Sold,,,http://www.redfin.com/CA/Menlo-Park/1255-Elder-Ave-94025/home/1417643,MLSListings,ML81842105,N,Y,37.4396175,-122.198084
PAST SALE,May-28-2021,Single Family Residential,675 Evergreen St,MENLO PARK,CA,94025,4250000,4,2.0,MENLO PARK,2200,10010,1950,93,1932,,Sold,,,http://www.redfin.com/CA/Menlo-Park/675-Evergreen-St-94025/home/1871426,MLSListings,ML81840286,N,Y,37.4353644,-122.1922979
PAST SALE,June-4-2021,Single Family Residential,950 Lucky Ave,MENLO PARK,CA,94025,5265000,5,2.0,MENLO PARK,1402,16291,1923,86,3755,,Sold,,,http://www.redfin.com/CA/Menlo-Park/950-Lucky-Ave-94025/home/1948035,MLSListings,ML81842443,N,Y,37.4317558,-122.1988971
PAST SALE,March-12-2021,Single Family Residential,314 Stanford Ave,MENLO PARK,CA,94025,4449000,3,3.0,MENLO PARK,2523,5650,1948,170,1763,,Sold,,,http://www.redfin.com/CA/Menlo-Park/314-Stanford-Ave-94025/home/2043241,MLSListings,ML81830129,N,Y,37.4297599,-122.1950247
PAST SALE,July-21-2021,Single Family Residential,1830 White Oak Dr,MENLO PARK,CA,94025,5500483,4,3.0,MENLO PARK,3020,13000,1948,39,1821,,Sold,,,http://www.redfin.com/CA/Menlo-Park/1830-White-Oak-Dr-94025/home/886757,MLSListings,ML81849604,N,Y,37.4332068,-122.192187
PAST SALE,,Single Family Residential,2035 Santa Cruz Ave,Menlo Park,CA,94025,2300000,2,1.0,,980,5650,1946,,2347,,,,,http://www.redfin.com/CA/Menlo-Park/2035-Santa-Cruz-Ave-94025/home/1857684,,,N,Y,37.4306053,-122.1963105
PAST SALE,July-27-2021,Single Family Residential,1720 Holly Ave,MENLO PARK,CA,94025,8300000,6,7.0,MENLO PARK,5430,10048,2021,33,1529,,Sold,,,http://www.redfin.com/CA/Menlo-Park/1720-Holly-Ave-94025/home/1959405,MLSListings,ML81851097,N,Y,37.4377555,-122.1920097
PAST SALE,April-14-2021,Single Family Residential,320 Lennox Ave,MENLO PARK,CA,94025,5555000,4,4.5,MENLO PARK,3900,12870,1937,137,1424,,Sold,,,http://www.redfin.com/CA/Menlo-Park/320-Lennox-Ave-94025/home/1407489,MLSListings,ML81831530,N,Y,37.4615284,-122.1890167
PAST SALE,March-2-2021,Single Family Residential,172 Stone Pne,Menlo Park,CA,94025,2100888,3,3.5,Menlo Park,2540,1872,1964,180,827,183,Sold,,,http://www.redfin.com/CA/Menlo-Park/172-Stone-Pine-Ln-94025/home/1454465,"bridgeMLS, Bay East AOR, or Contra Costa AOR",40933533,N,Y,37.4592909,-122.1908347
PAST SALE,July-6-2021,Single Family Residential,1246 Hoover St,MENLO PARK,CA,94025,2375000,3,2.5,MENLO PARK,1602,3518,2001,54,1483,533,Sold,,,http://www.redfin.com/CA/Menlo-Park/1246-Hoover-St-94025/home/1006092,MLSListings,ML81841127,N,Y,37.4537049,-122.1861086
PAST SALE,August-13-2021,Single Family Residential,1435 Laurel St,MENLO PARK,CA,94025,3580000,3,2.0,MENLO PARK,1810,15000,1948,16,1978,,Sold,,,http://www.redfin.com/CA/Menlo-Park/1435-Laurel-St-94025/home/1425153,MLSListings,ML81851523,N,Y,37.4588919,-122.1863562
PAST SALE,August-20-2021,Single Family Residential,25 Vasilakos Way,MENLO PARK,CA,94025,3325725,3,2.5,MENLO PARK,2270,11400,1961,9,1465,,Sold,,,http://www.redfin.com/CA/Menlo-Park/25-Vasilakos-Way-94025/home/884615,MLSListings,ML81838101,N,Y,37.4380636,-122.2072614
PAST SALE,July-26-2021,Single Family Residential,1860 Camino De Los Robles,MENLO PARK,CA,94025,4800000,4,2.0,MENLO PARK,2020,17800,1963,34,2376,,Sold,,,http://www.redfin.com/CA/Menlo-Park/1860-Cam-De-Los-Robles-94025/home/883967,MLSListings,ML81849988,N,Y,37.4388094,-122.2046236
PAST SALE,April-13-2021,Single Family Residential,1275 Santa Cruz Ave,MENLO PARK,CA,94025,8750000,5,4.5,MENLO PARK,4300,21109,1997,138,2035,,Sold,,,http://www.redfin.com/CA/Menlo-Park/1275-Santa-Cruz-Ave-94025/home/887328,MLSListings,ML81837584,N,Y,37.4431698,-122.1910786
PAST SALE,April-26-2021,Single Family Residential,1355 Santa Cruz Ave,MENLO PARK,CA,94025,2950000,3,2.0,MENLO PARK,1970,11009,1932,125,1497,,Sold,,,http://www.redfin.com/CA/Menlo-Park/1355-Santa-Cruz-Ave-94025/home/1308220,MLSListings,ML81837815,N,Y,37.4425182,-122.1917437
PAST SALE,August-6-2021,Single Family Residential,1120 Hermosa Way,MENLO PARK,CA,94025,5415000,5,4.0,MENLO PARK,3060,10165,1947,23,1770,,Sold,,,http://www.redfin.com/CA/Menlo-Park/1120-Hermosa-Way-94025/home/1736262,MLSListings,ML81853956,N,Y,37.4436628,-122.191921
PAST SALE,,Single Family Residential,1300 Hobart St,Menlo Park,CA,94025,4150000,3,3.0,,2240,10340,1951,,1853,,,,,http://www.redfin.com/CA/Menlo-Park/1300-Hobart-St-94025/home/885950,,,N,Y,37.4429084,-122.1955125
PAST SALE,May-25-2021,Single Family Residential,765 Hobart St,MENLO PARK,CA,94025,5400000,4,4.5,MENLO PARK,3256,11200,2004,96,1658,,Sold,,,http://www.redfin.com/CA/Menlo-Park/765-Hobart-St-94025/home/1379776,MLSListings,ML81838447,N,Y,37.4394181,-122.1902361
PAST SALE,,Single Family Residential,425 Olive St,Menlo Park,CA,94025,3650000,5,3.0,,2670,10010,1964,,1367,,,,,http://www.redfin.com/CA/Menlo-Park/425-Olive-St-94025/home/1489311,,,N,Y,37.436791,-122.1876643
PAST SALE,,Single Family Residential,6 White Oak Ct,Menlo Park,CA,94025,3700000,3,3.0,,2980,17844,1952,,1242,,,,,http://www.redfin.com/CA/Menlo-Park/6-White-Oak-Ct-94025/home/1988617,,,N,Y,37.4328738,-122.190879
PAST SALE,July-13-2021,Single Family Residential,521 Grace Dr,MENLO PARK,CA,94025,5400000,4,4.5,MENLO PARK,3835,12075,1950,47,1408,,Sold,,,http://www.redfin.com/CA/Menlo-Park/521-Grace-Dr-94025/home/1145544,MLSListings,ML81846475,N,Y,37.4342028,-122.1906352
PAST SALE,,Single Family Residential,2080 Mills Ave,Menlo Park,CA,94025,2500000,3,2.0,,1590,6000,1949,,1572,,,,,http://www.redfin.com/CA/Menlo-Park/2080-Mills-Ave-94025/home/1762291,,,N,Y,37.4369897,-122.2111627
PAST SALE,July-9-2021,Single Family Residential,2171 Cedar Ave,MENLO PARK,CA,94025,3150000,4,2.0,MENLO PARK,2300,6000,1951,51,1370,,Sold,,,http://www.redfin.com/CA/Menlo-Park/2171-Cedar-Ave-94025/home/894192,MLSListings,ML81846824,N,Y,37.4330764,-122.2075274
PAST SALE,April-15-2021,Single Family Residential,611 12th Ave,MENLO PARK,CA,94028,2890000,4,4.5,MENLO PARK,2642,5359,2021,136,1094,,Sold,,,http://www.redfin.com/CA/Menlo-Park/611-Twelfth-Ave-94025/home/1857227,MLSListings,ML81829610,N,Y,37.4744171,-122.1958228
PAST SALE,March-12-2021,Single Family Residential,3700 Fair Oaks Ave,MENLO PARK,CA,94025,1400000,3,1.0,MENLO PARK,1240,3975,1929,170,1129,,Sold,,,http://www.redfin.com/CA/Menlo-Park/3700-Fair-Oaks-Ave-94025/home/1876566,MLSListings,ML81827500,N,Y,37.4756719,-122.1955125
PAST SALE,June-23-2021,Single Family Residential,4024 Fair Oaks Ave,MENLO PARK,CA,94025,2950000,5,3.0,MENLO PARK,2130,10250,1931,67,1385,,Sold,,,http://www.redfin.com/CA/Menlo-Park/4024-Fair-Oaks-Ave-94025/home/1988394,MLSListings,ML81843490,N,Y,37.4744546,-122.1924974
PAST SALE,August-20-2021,Single Family Residential,552 Marsh Rd,MENLO PARK,CA,94025,1395000,3,2.0,MENLO PARK,1410,6100,1952,9,989,,Sold,,,http://www.redfin.com/CA/Menlo-Park/552-Marsh-Rd-94025/home/2020151,MLSListings,ML81853064,N,Y,37.4726142,-122.189438
PAST SALE,July-30-2021,Single Family Residential,759 12th Ave,MENLO PARK,CA,94025,1910000,3,1.0,MENLO PARK,1030,9500,1955,30,1854,,Sold,,,http://www.redfin.com/CA/Menlo-Park/759-Twelfth-Ave-94025/home/1667777,MLSListings,ML81847414,N,Y,37.4766079,-122.194404
PAST SALE,May-21-2021,Single Family Residential,320 Encinal Ave,MENLO PARK,CA,94025,3411000,4,3.0,MENLO PARK,1751,9200,1937,100,1948,,Sold,,,http://www.redfin.com/CA/Menlo-Park/320-Encinal-Ave-94025/home/1135010,MLSListings,ML81838892,N,Y,37.4613006,-122.1880412
PAST SALE,June-18-2021,Single Family Residential,192 Spruce Ave,MENLO PARK,CA,94025,2125000,4,3.0,MENLO PARK,1460,6550,1955,72,1455,,Sold,,,http://www.redfin.com/CA/Menlo-Park/192-Spruce-Ave-94025/home/1904334,MLSListings,ML81833371,Y,Y,37.4610525,-122.1929852
PAST SALE,June-23-2021,Single Family Residential,433 Encina Ave,MENLO PARK,CA,94025,3825000,4,4.5,MENLO PARK,3765,10500,2002,67,1016,,Sold,,,http://www.redfin.com/CA/Menlo-Park/433-Encina-Ave-94025/home/1466993,MLSListings,ML81833680,N,Y,37.4711973,-122.1991481
PAST SALE,June-2-2021,Single Family Residential,927 Timothy Ln,MENLO PARK,CA,94025,2528000,3,2.0,MENLO PARK,1816,5450,1948,88,1392,,Sold,,,http://www.redfin.com/CA/Menlo-Park/927-Timothy-Ln-94025/home/1037481,MLSListings,ML81840357,N,Y,37.4774235,-122.1786626
PAST SALE,April-23-2021,Single Family Residential,936 Peggy Ln,MENLO PARK,CA,94025,2500000,4,2.0,MENLO PARK,1831,5450,1948,128,1365,,Sold,,,http://www.redfin.com/CA/Menlo-Park/936-Peggy-Ln-94025/home/1871062,MLSListings,ML81834476,Y,Y,37.477792,-122.1789287
PAST SALE,July-19-2021,Single Family Residential,57 Lorelei Ln,MENLO PARK,CA,94025,1798000,3,2.0,MENLO PARK,1100,5000,1956,41,1635,,Sold,,,http://www.redfin.com/CA/Menlo-Park/57-Lorelei-Ln-94025/home/1213404,MLSListings,ML81845483,N,Y,37.4780319,-122.182698
PAST SALE,March-10-2021,Single Family Residential,569 7th Ave,MENLO PARK,CA,94025,1010000,2,1.0,MENLO PARK,790,3000,1910,172,1278,,Sold,,,http://www.redfin.com/CA/Menlo-Park/569-Seventh-Ave-94025/home/1823747,MLSListings,ML81822898,N,Y,37.4756386,-122.2003009
PAST SALE,April-5-2021,Single Family Residential,516 7th Ave,MENLO PARK,CA,94025,1640000,3,2.0,MENLO PARK,1500,6000,1952,146,1093,,Sold,,,http://www.redfin.com/CA/Menlo-Park/516-Seventh-Ave-94025/home/1936409,MLSListings,ML81829560,N,Y,37.4741966,-122.2006112
PAST SALE,March-8-2021,Single Family Residential,514 8th Ave,MENLO PARK,CA,94025,1918800,4,2.0,MENLO PARK,1707,8023,1965,174,1124,,Sold,,,http://www.redfin.com/CA/Menlo-Park/514-Eighth-Ave-94025/home/2020156,MLSListings,ML81828649,N,Y,37.4742611,-122.1994141
PAST SALE,March-26-2021,Single Family Residential,103 Newbridge St,MENLO PARK,CA,94025,1100000,3,1.0,MENLO PARK,1050,5750,1951,156,1048,,Sold,,,http://www.redfin.com/CA/Menlo-Park/103-Newbridge-St-94025/home/108551408,MLSListings,ML81830994,N,Y,37.4751922,-122.16456
PAST SALE,May-25-2021,Single Family Residential,3607 Fair Oaks Ave,MENLO PARK,CA,94025,1705000,3,1.0,MENLO PARK,920,8799,1949,96,1853,,Sold,,,http://www.redfin.com/CA/Menlo-Park/3607-Fair-Oaks-Ave-94025/home/846447,MLSListings,ML81838096,N,Y,37.4763338,-122.1960445
PAST SALE,June-18-2021,Single Family Residential,751 San Benito Ave,MENLO PARK,CA,94025,2600000,4,4.0,MENLO PARK,2590,5350,2021,72,1004,,Sold,,,http://www.redfin.com/CA/Menlo-Park/751-San-Benito-Ave-94025/home/1892480,MLSListings,ML81835253,N,Y,37.4762515,-122.1936059
PAST SALE,April-14-2021,Single Family Residential,308 Arbor Rd,MENLO PARK,CA,94025,7280000,5,5.0,MENLO PARK,4001,6271,2021,137,1820,,Sold,,,http://www.redfin.com/CA/Menlo-Park/308-Arbor-Rd-94025/home/1743022,MLSListings,ML81833801,N,Y,37.4430051,-122.1805251
PAST SALE,,Single Family Residential,1120 Westfield Dr,Menlo Park,CA,94025,3900000,3,2.0,,1860,10101,1951,,2097,,,,,http://www.redfin.com/CA/Menlo-Park/1120-Westfield-Dr-94025/home/2046798,,,N,Y,37.4440686,-122.1849151
PAST SALE,May-28-2021,Single Family Residential,5 Zachary Ct,MENLO PARK,CA,94025,6050000,4,4.0,MENLO PARK,4090,10379,1999,93,1479,,Sold,,,http://www.redfin.com/CA/Menlo-Park/5-Zachary-Ct-94025/home/1736465,MLSListings,ML81842858,N,Y,37.428478,-122.2049117
PAST SALE,March-10-2021,Single Family Residential,224 Leland Ave,MENLO PARK,CA,94025,3850000,4,3.5,MENLO PARK,2830,8800,1948,172,1360,,Sold,,,http://www.redfin.com/CA/Menlo-Park/224-Leland-Ave-94025/home/1351872,MLSListings,ML81827818,N,Y,37.4289637,-122.1932069
PAST SALE,May-20-2021,Single Family Residential,2171 Clayton Dr,MENLO PARK,CA,94025,3800000,2,3.0,MENLO PARK,2700,15640,1947,101,1407,,Sold,,,http://www.redfin.com/CA/Menlo-Park/2171-Clayton-Dr-94025/home/1668594,MLSListings,ML81844099,N,Y,37.4282802,-122.1978291
PAST SALE,July-2-2021,Single Family Residential,2499 Alpine Rd,MENLO PARK,CA,94025,2825000,4,2.5,MENLO PARK,2400,5006,1980,58,1177,,Sold,,,http://www.redfin.com/CA/Menlo-Park/2499-Alpine-Rd-94025/home/1372346,MLSListings,ML81845162,N,Y,37.4182006,-122.1909012
PAST SALE,June-18-2021,Single Family Residential,1359 Hollyburne Ave,MENLO PARK,CA,94025,1120000,3,1.0,MENLO PARK,910,5750,1952,72,1231,,Sold,,,http://www.redfin.com/CA/Menlo-Park/1359-Hollyburne-Ave-94025/home/1258306,MLSListings,ML81842316,N,Y,37.4782766,-122.1566209
PAST SALE,May-28-2021,Single Family Residential,1348 Sevier Ave,MENLO PARK,CA,94025,1200000,3,1.0,MENLO PARK,1130,5750,1946,93,1062,,Sold,,,http://www.redfin.com/CA/Menlo-Park/1348-Sevier-Ave-94025/home/1534558,MLSListings,ML81840137,N,Y,37.4778193,-122.1552902
PAST SALE,July-16-2021,Single Family Residential,524 Hamilton Ave,MENLO PARK,CA,94025,1338000,5,2.0,MENLO PARK,1460,5985,1951,44,916,,Sold,,,http://www.redfin.com/CA/Menlo-Park/524-Hamilton-Ave-94025/home/820688,MLSListings,ML81842838,N,Y,37.478366,-122.159903
PAST SALE,,Single Family Residential,35 Willow Rd,Menlo Park,CA,94025,2450000,3,2.0,,1530,7800,1955,,1601,,,,,http://www.redfin.com/CA/Menlo-Park/35-Willow-Rd-94025/home/859916,,,N,Y,37.4507655,-122.1711902
PAST SALE,May-20-2021,Single Family Residential,40 Willow Rd,MENLO PARK,CA,94025,3350000,4,3.0,MENLO PARK,2510,9800,1955,101,1335,,Sold,,,http://www.redfin.com/CA/Menlo-Park/40-Willow-Rd-94025/home/1050219,MLSListings,ML81827458,N,Y,37.4507097,-122.1703254
PAST SALE,March-16-2021,Single Family Residential,470 Claremont Way,MENLO PARK,CA,94025,3249000,4,2.0,MENLO PARK,1889,8040,1955,166,1720,,Sold,,,http://www.redfin.com/CA/Menlo-Park/470-Claremont-Way-94025/home/1351284,MLSListings,ML81834371,N,Y,37.4498844,-122.1709463
PAST SALE,June-25-2021,Single Family Residential,1120 Alberni St,East Palo Alto,CA,94303,1070000,5,3.0,East Palo Alto,2170,6600,1940,65,493,,Sold,,,http://www.redfin.com/CA/East-Palo-Alto/1120-Alberni-St-94303/home/1082022,San Francisco MLS,421555664,N,Y,37.4731221,-122.1486812
PAST SALE,,Single Family Residential,1251 Jervis Ave,East Palo Alto,CA,94303,725000,3,1.0,,960,6960,1944,,755,,,,,http://www.redfin.com/CA/East-Palo-Alto/1251-Jervis-Ave-94303/home/2017242,,,N,Y,37.4732717,-122.15152
PAST SALE,April-26-2021,Single Family Residential,116 Oak Ct,MENLO PARK,CA,94025,1970000,8,2.0,MENLO PARK,2306,7261,1926,125,854,,Sold,,,http://www.redfin.com/CA/Menlo-Park/116-Oak-Ct-94025/home/1710180,MLSListings,ML81839217,N,Y,37.4591377,-122.1521854
PAST SALE,June-30-2021,Single Family Residential,333 Marmona Dr,MENLO PARK,CA,94025,3650000,4,3.0,MENLO PARK,2347,5005,2021,60,1555,,Sold,,,http://www.redfin.com/CA/Menlo-Park/333-Marmona-Dr-94025/home/1037587,MLSListings,ML81834369,N,Y,37.4587746,-122.1601691
PAST SALE,July-26-2021,Single Family Residential,385 Mckendry Dr,MENLO PARK,CA,94025,2250000,3,2.0,MENLO PARK,985,5300,1944,34,2284,,Sold,,,http://www.redfin.com/CA/Menlo-Park/385-McKendry-Dr-94025/home/856587,MLSListings,ML81849759,Y,Y,37.4595026,-122.1599917
PAST SALE,May-24-2021,Single Family Residential,272 Marmona Dr,MENLO PARK,CA,94025,2280000,3,1.0,MENLO PARK,1140,5225,1947,97,2000,,Sold,,,http://www.redfin.com/CA/Menlo-Park/272-Marmona-Dr-94025/home/859306,MLSListings,ML81840000,Y,Y,37.4578336,-122.1598143
PAST SALE,April-8-2021,Single Family Residential,442 Gilbert Ave,MENLO PARK,CA,94025,3550000,4,3.0,MENLO PARK,2550,7698,2008,143,1392,,Sold,,,http://www.redfin.com/CA/Menlo-Park/442-Gilbert-Ave-94025/home/1700481,MLSListings,ML81832522,N,Y,37.4599363,-122.1584394
PAST SALE,April-28-2021,Single Family Residential,611 Woodland Ave,MENLO PARK,CA,94025,3898000,4,3.5,MENLO PARK,2560,6100,2021,123,1523,,Sold,,,http://www.redfin.com/CA/Menlo-Park/611-Woodland-Ave-94025/home/161321024,MLSListings,ML81834949,N,Y,37.4543967,-122.1612931
PAST SALE,June-7-2021,Single Family Residential,750 Palo Alto Ave,PALO ALTO,CA,94301,5100000,4,3.0,PALO ALTO,3200,9989,1909,83,1594,,Sold,,,http://www.redfin.com/CA/Palo-Alto/750-Palo-Alto-Ave-94301/home/811877,MLSListings,ML81840160,N,Y,37.4544029,-122.1602578
PAST SALE,May-7-2021,Single Family Residential,203 Lexington Dr,MENLO PARK,CA,94025,2625000,3,2.0,MENLO PARK,1770,5428,1947,114,1483,,Sold,,,http://www.redfin.com/CA/Menlo-Park/203-Lexington-Dr-94025/home/855639,MLSListings,ML81836473,N,Y,37.4551204,-122.1599917
PAST SALE,March-29-2021,Single Family Residential,600 Ringwood Ave,MENLO PARK,CA,94025,5235000,3,3.0,MENLO PARK,3050,31250,1936,153,1716,,Sold,,,http://www.redfin.com/CA/Menlo-Park/600-Ringwood-Ave-94025/home/856460,MLSListings,ML81832227,N,Y,37.4663222,-122.1699706
PAST SALE,July-16-2021,Single Family Residential,311 Haight St,MENLO PARK,CA,94025,1521000,2,1.0,MENLO PARK,1140,6500,1950,44,1334,,Sold,,,http://www.redfin.com/CA/Menlo-Park/311-Haight-St-94025/home/1967889,MLSListings,ML81849637,N,Y,37.4670069,-122.1542701
PAST SALE,April-14-2021,Single Family Residential,303 Robin Way,MENLO PARK,CA,94025,2200000,2,1.0,MENLO PARK,1360,5704,1949,137,1618,,Sold,,,http://www.redfin.com/CA/Menlo-Park/303-Robin-Way-94025/home/1488757,MLSListings,ML81831933,N,Y,37.45705,-122.1596813
PAST SALE,,Single Family Residential,219 Robin Way,Menlo Park,CA,94025,2190000,3,2.0,,1150,5005,1947,,1904,,,,,http://www.redfin.com/CA/Menlo-Park/219-Robin-Way-94025/home/1726683,,,N,Y,37.4567765,-122.1613223
PAST SALE,March-10-2021,Single Family Residential,1122 Madera Ave,MENLO PARK,CA,94025,1100000,2,1.0,MENLO PARK,907,6000,1949,172,1213,,Sold,,,http://www.redfin.com/CA/Menlo-Park/1122-Madera-Ave-94025/home/1830881,MLSListings,ML81829439,N,Y,37.4720488,-122.1571531
PAST SALE,August-20-2021,Single Family Residential,1139 Madera Ave,MENLO PARK,CA,94025,1051000,3,1.0,MENLO PARK,1070,5750,1951,9,982,,Sold,,,http://www.redfin.com/CA/Menlo-Park/1139-Madera-Ave-94025/home/2049625,MLSListings,ML81856674,N,Y,37.4725911,-122.1574636
PAST SALE,April-16-2021,Single Family Residential,611 Bay Rd,MENLO PARK,CA,94025,1975000,3,2.0,MENLO PARK,1360,6875,1946,135,1452,,Sold,,,http://www.redfin.com/CA/Menlo-Park/611-Bay-Rd-94025/home/1775954,MLSListings,ML81835309,Y,Y,37.4706593,-122.1629633
PAST SALE,August-20-2021,Single Family Residential,1014 Windermere Ave,MENLO PARK,CA,94025,2480000,4,2.5,MENLO PARK,1950,5750,1947,9,1272,,Sold,,,http://www.redfin.com/CA/Menlo-Park/1014-Windermere-Ave-94025/home/858043,MLSListings,ML81854648,N,Y,37.4706527,-122.1610118
PAST SALE,,Single Family Residential,23 University Dr,Menlo Park,CA,94025,750000,4,2.0,,2050,11775,1951,,366,,,,,http://www.redfin.com/CA/Menlo-Park/23-University-Dr-94025/home/1155065,,,N,Y,37.4434647,-122.1755584
PAST SALE,,Single Family Residential,12 Anderson Way,Menlo Park,CA,94025,3425000,3,4.0,,2470,9858,1960,,1387,,,,,http://www.redfin.com/CA/Menlo-Park/12-Anderson-Way-94025/home/900611,,,N,Y,37.421621,-122.1926526
PAST SALE,,Single Family Residential,9 Wood Ln,Menlo Park,CA,94025,3750000,3,3.0,,2060,10044,1956,,1820,,,,,http://www.redfin.com/CA/Menlo-Park/9-Wood-Ln-94025/home/1000472,,,N,Y,37.4368874,-122.1956676
PAST SALE,May-14-2021,Single Family Residential,1100 N Lemon Ave,MENLO PARK,CA,94025,3700000,3,2.5,MENLO PARK,1890,13617,1951,107,1958,,Sold,,,http://www.redfin.com/CA/Menlo-Park/1100-N-Lemon-Ave-94025/home/1721862,MLSListings,ML81837466,N,Y,37.43703,-122.1971086
PAST SALE,April-2-2021,Single Family Residential,2087 Mills Ave,MENLO PARK,CA,94025,1975000,3,2.0,MENLO PARK,1374,5232,1959,149,1437,,Sold,,,http://www.redfin.com/CA/Menlo-Park/2087-Mills-Ave-94025/home/896584,MLSListings,ML81831699,N,Y,37.4366211,-122.2108967
PAST SALE,,Single Family Residential,2025 Cam Al Lago,Menlo Park,CA,94027,3900000,4,3.0,,4440,15000,1924,,878,,,,,http://www.redfin.com/CA/Menlo-Park/2025-Cam-Al-Lago-94027/home/1898773,,,N,Y,37.437905,-122.2109854
PAST SALE,April-14-2021,Single Family Residential,1880 Oakdell Dr,MENLO PARK,CA,94025,5100100,4,3.5,MENLO PARK,3910,12257,1948,137,1304,,Sold,,,http://www.redfin.com/CA/Menlo-Park/1880-Oakdell-Dr-94025/home/1575543,MLSListings,ML81830796,N,Y,37.4328718,-122.1943375
PAST SALE,July-16-2021,Single Family Residential,101 Laurel Ave,MENLO PARK,CA,94025,2200000,3,2.0,MENLO PARK,1100,5150,1940,44,2000,,Sold,,,http://www.redfin.com/CA/Menlo-Park/101-Laurel-Ave-94025/home/859436,MLSListings,ML81848772,Y,Y,37.4560564,-122.1560443
PAST SALE,July-16-2021,Single Family Residential,893 Woodland Ave,MENLO PARK,CA,94025,2000000,3,2.0,MENLO PARK,1580,7450,1940,44,1266,,Sold,,,http://www.redfin.com/CA/Menlo-Park/893-Woodland-Ave-94025/home/1650117,MLSListings,ML81850481,N,Y,37.4558901,-122.1562217
PAST SALE,March-4-2021,Single Family Residential,759 Harvard Ave,MENLO PARK,CA,94025,2720000,4,3.0,MENLO PARK,2285,4050,1995,178,1190,,Sold,,,http://www.redfin.com/CA/Menlo-Park/757-Harvard-Ave-94025/home/1392536,MLSListings,ML81826426,N,Y,37.4459604,-122.1744941
PAST SALE,July-27-2021,Single Family Residential,69 Cornell Rd,MENLO PARK,CA,94025,1850000,1,1.0,MENLO PARK,793,4251,1926,33,2333,,Sold,,,http://www.redfin.com/CA/Menlo-Park/69-Cornell-Rd-94025/home/1984503,MLSListings,ML81841276,N,Y,37.4454196,-122.1746715
PAST SALE,August-13-2021,Single Family Residential,505 Ivy Dr,MENLO PARK,CA,94025,1270000,2,2.0,MENLO PARK,1060,5760,1930,16,1198,,Sold,,,http://www.redfin.com/CA/Menlo-Park/505-Ivy-Dr-94025/home/821128,MLSListings,ML81849546,N,Y,37.4762015,-122.159016
PAST SALE,August-3-2021,Single Family Residential,1029 Oakland Ave,MENLO PARK,CA,94025,1843000,3,2.0,MENLO PARK,1540,6350,1946,26,1197,,Sold,,,http://www.redfin.com/CA/Menlo-Park/1029-Oakland-Ave-94025/home/1124549,MLSListings,ML81850946,N,Y,37.4724233,-122.1661566
PAST SALE,July-9-2021,Single Family Residential,555 Hawthorne Ave,Palo Alto,CA,94301,1625700,1,1.0,Palo Alto,746,3175,1928,51,2179,,Sold,,,http://www.redfin.com/CA/Palo-Alto/555-Hawthorne-Ave-94301/home/1527528,"bridgeMLS, Bay East AOR, or Contra Costa AOR",40952673,Y,Y,37.4515468,-122.1623868
PAST SALE,June-9-2021,Single Family Residential,1247 Carlton Ave,MENLO PARK,CA,94025,1335000,3,1.0,MENLO PARK,1220,6000,1950,81,1094,,Sold,,,http://www.redfin.com/CA/Menlo-Park/1247-Carlton-Ave-94025/home/1295880,MLSListings,ML81841997,N,Y,37.4748131,-122.1552015
PAST SALE,March-4-2021,Single Family Residential,1189 Saratoga Ave,EAST PALO ALTO,CA,94303,1050000,4,2.0,EAST PALO ALTO,1680,8983,1998,178,625,,Sold,,,http://www.redfin.com/CA/East-Palo-Alto/1189-Saratoga-Ave-94303/home/2058137,MLSListings,ML81784544,N,Y,37.4721105,-122.1543588
PAST SALE,April-7-2021,Single Family Residential,239 Newbridge St,Menlo Park,CA,94025,1200000,3,2.0,Menlo Park,1130,5000,1951,144,1062,,Sold,,,http://www.redfin.com/CA/Menlo-Park/239-Newbridge-St-94025/home/821357,"bridgeMLS, Bay East AOR, or Contra Costa AOR",40936873,N,Y,37.4750667,-122.160657
PAST SALE,,Single Family Residential,420 Laurel Ave,Menlo Park,CA,94025,2700000,2,2.0,,1380,7000,1939,,1957,,,,,http://www.redfin.com/CA/Menlo-Park/420-Laurel-Ave-94025/home/1575276,,,N,Y,37.4600214,-122.1545806
PAST SALE,May-25-2021,Single Family Residential,419 Laurel Ave,MENLO PARK,CA,94025,2930000,4,3.0,MENLO PARK,2300,8400,1976,96,1274,,Sold,,,http://www.redfin.com/CA/Menlo-Park/419-Laurel-Ave-94025/home/2059192,MLSListings,ML81839157,Y,Y,37.4600518,-122.1554676
PAST SALE,July-29-2021,Single Family Residential,240 San Clemente Dr,MENLO PARK,CA,94025,2786000,3,2.0,MENLO PARK,1310,9025,1950,31,2127,,Sold,,,http://www.redfin.com/CA/Menlo-Park/240-San-Clemente-94025/home/2024885,MLSListings,ML81850708,N,Y,37.457987,-122.1647374
PAST SALE,,Single Family Residential,120 Blackburn Ave,Menlo Park,CA,94025,2465000,4,2.0,,1410,5060,1947,,1748,,,,,http://www.redfin.com/CA/Menlo-Park/120-Blackburn-Ave-94025/home/1276879,,,N,Y,37.4558495,-122.1620319
PAST SALE,March-10-2021,Single Family Residential,619 Laurel Ave,MENLO PARK,CA,94025,2550000,3,2.0,MENLO PARK,1575,7912,1950,172,1619,,Sold,,,http://www.redfin.com/CA/Menlo-Park/619-Laurel-Ave-94025/home/861131,MLSListings,ML81827444,N,Y,37.4626987,-122.154891
PAST SALE,June-10-2021,Single Family Residential,2045 Menalto Ave,MENLO PARK,CA,94025,2850000,3,2.0,MENLO PARK,1751,7362,2015,80,1628,,Sold,,,http://www.redfin.com/CA/Menlo-Park/2045-Menalto-Ave-94025/home/2055334,MLSListings,ML81840819,Y,Y,37.4631752,-122.1519636
PAST SALE,,Single Family Residential,117 Okeefe St,Menlo Park,CA,94025,3300000,3,2.0,,1850,7000,1949,,1784,,,,,http://www.redfin.com/CA/Menlo-Park/117-Okeefe-St-94025/home/1836887,,,N,Y,37.4627605,-122.1526511
PAST SALE,May-7-2021,Single Family Residential,414 Oconnor St,MENLO PARK,CA,94025,2500000,3,2.0,MENLO PARK,1677,10223,1926,114,1491,,Sold,,,http://www.redfin.com/CA/Menlo-Park/414-O-Connor-St-94025/home/17307870,MLSListings,ML81839308,N,Y,37.4604637,-122.1469512
PAST SALE,,Single Family Residential,2156 Sterling Ave,Menlo Park,CA,94025,2400000,2,2.0,,1378,6000,1951,,1742,,,,,http://www.redfin.com/CA/Menlo-Park/2156-Sterling-Ave-94025/home/1837431,,,N,Y,37.432677,-122.206107
PAST SALE,,Single Family Residential,1005 University Ave,Palo Alto,CA,94301,5100000,5,4.0,,4649,20000,1918,,1097,,,,,http://www.redfin.com/CA/Palo-Alto/1005-University-Ave-94301/home/542245,,,N,Y,37.454705,-122.1533386
PAST SALE,March-9-2021,Single Family Residential,839 Marsh Rd,MENLO PARK,CA,94025,1371000,3,2.0,MENLO PARK,1300,4700,1949,173,1055,,Sold,,,http://www.redfin.com/CA/Menlo-Park/839-Marsh-Rd-94025/home/2032048,MLSListings,ML81828350,N,Y,37.4760899,-122.187487
PAST SALE,March-9-2021,Single Family Residential,510 Pope St,MENLO PARK,CA,94025,1980000,2,1.0,MENLO PARK,1010,6250,1939,173,1960,,Sold,,,http://www.redfin.com/CA/Menlo-Park/510-Pope-St-94025/home/1718316,MLSListings,ML81830905,N,Y,37.4610256,-122.1554676
PAST SALE,April-12-2021,Single Family Residential,2593 Baylor St,EAST PALO ALTO,CA,94303,891000,3,1.0,EAST PALO ALTO,1010,5000,1952,139,882,,Sold,,,http://www.redfin.com/CA/East-Palo-Alto/2593-Baylor-St-94303/home/1213604,MLSListings,ML81831001,N,Y,37.4756079,-122.1383897
PAST SALE,June-4-2021,Single Family Residential,725 Cotton St,MENLO PARK,CA,94025,4900000,4,3.0,MENLO PARK,3060,10710,1950,86,1601,,Sold,,,http://www.redfin.com/CA/Menlo-Park/725-Cotton-St-94025/home/1904926,MLSListings,ML81842908,N,Y,37.4400411,-122.1891719
PAST SALE,August-3-2021,Single Family Residential,321 Fulton St,PALO ALTO,CA,94301,3475000,4,2.5,PALO ALTO,1936,5675,1908,26,1795,,Sold,,,http://www.redfin.com/CA/Palo-Alto/321-Fulton-St-94301/home/1703395,MLSListings,ML81843317,N,Y,37.4528257,-122.1581732
PAST SALE,April-8-2021,Single Family Residential,1068 College Ave,MENLO PARK,CA,94025,5100000,5,4.0,MENLO PARK,4210,7800,1991,143,1211,,Sold,,,http://www.redfin.com/CA/Menlo-Park/1068-College-Ave-94025/home/1851315,MLSListings,ML81827026,N,Y,37.443971,-122.1814453
PAST SALE,,Single Family Residential,875 Cambridge Ave,Menlo Park,CA,94025,3540000,4,3.0,,2210,7020,1951,,1602,,,,,http://www.redfin.com/CA/Menlo-Park/875-Cambridge-Ave-94025/home/1379820,,,N,Y,37.444902,-122.1766227
PAST SALE,June-22-2021,Single Family Residential,312 Fulton St,PALO ALTO,CA,94301,3600000,3,2.0,PALO ALTO,1840,5099,1911,68,1957,,Sold,,,http://www.redfin.com/CA/Palo-Alto/312-Fulton-St-94301/home/1130358,MLSListings,ML81842382,N,Y,37.4525653,-122.1586611
PAST SALE,May-5-2021,Single Family Residential,580 Kenwood Dr,MENLO PARK,CA,94025,1950000,2,1.0,MENLO PARK,1050,4982,1945,116,1857,,Sold,,,http://www.redfin.com/CA/Menlo-Park/580-Kenwood-Dr-94025/home/891297,MLSListings,ML81833811,N,Y,37.4499712,-122.1794165
PAST SALE,March-12-2021,Single Family Residential,631 Harvard Ave,MENLO PARK,CA,94025,2675000,3,3.5,MENLO PARK,2650,9448,2016,170,1009,,Sold,,,http://www.redfin.com/CA/Menlo-Park/631-Harvard-Ave-94025/home/143757854,MLSListings,ML81826524,N,Y,37.4471147,-122.1734741
PAST SALE,,Single Family Residential,759 Harvard Ave,Menlo Park,CA,94025,2720000,4,3.0,,2140,4050,1995,,1271,,,,,http://www.redfin.com/CA/Menlo-Park/759-Harvard-Ave-94025/home/1586652,,,N,Y,37.4458753,-122.1743402
PAST SALE,May-28-2021,Single Family Residential,775 Ivy Dr,MENLO PARK,CA,94025,1285000,3,1.0,MENLO PARK,1210,5760,1953,93,1062,,Sold,,,http://www.redfin.com/CA/Menlo-Park/775-Ivy-Dr-94025/home/1049096,MLSListings,ML81840460,N,Y,37.4763097,-122.1558225
PAST SALE,June-15-2021,Single Family Residential,1324 Modoc Ave,MENLO PARK,CA,94025,1200000,3,1.0,MENLO PARK,1020,4900,1950,75,1176,,Sold,,,http://www.redfin.com/CA/Menlo-Park/1324-Modoc-Ave-94025/home/1315507,MLSListings,ML81840640,N,Y,37.4768512,-122.162919
PAST SALE,May-17-2021,Single Family Residential,804 14th Ave,MENLO PARK,CA,94025,1728000,2,2.0,MENLO PARK,1396,6955,1950,104,1238,,Sold,,,http://www.redfin.com/CA/Menlo-Park/804-Fourteenth-Ave-94025/home/1667262,MLSListings,ML81838805,Y,Y,37.4764163,-122.1918323
PAST SALE,August-11-2021,Single Family Residential,1176 Eighteenth Ave,REDWOOD CITY,CA,94063,1300000,2,1.0,REDWOOD CITY,1100,6000,1948,18,1182,,Sold,,,http://www.redfin.com/CA/Redwood-City/1176-18th-Ave-94063/home/1881861,MLSListings,ML81851885,N,Y,37.4825678,-122.1846491
PAST SALE,July-7-2021,Single Family Residential,2893 Illinois St,EAST PALO ALTO,CA,94303,968000,3,1.0,EAST PALO ALTO,1010,6000,1952,53,958,,Sold,,,http://www.redfin.com/CA/East-Palo-Alto/2893-Illinois-St-94303/home/1027572,MLSListings,ML81849557,N,Y,37.4819776,-122.1336873
PAST SALE,June-2-2021,Single Family Residential,444 Gilbert Ave,MENLO PARK,CA,94025,3900000,4,3.0,MENLO PARK,2537,7698,2008,88,1537,,Sold,,,http://www.redfin.com/CA/Menlo-Park/444-Gilbert-Ave-94025/home/17307385,MLSListings,ML81846923,N,Y,37.4599574,-122.1586168
PAST SALE,March-12-2021,Single Family Residential,411 Grayson Ct,MENLO PARK,CA,94025,1400000,2,1.0,MENLO PARK,1100,5700,1947,170,1273,,Sold,,,http://www.redfin.com/CA/Menlo-Park/411-Grayson-Ct-94025/home/2047726,MLSListings,ML81815427,N,Y,37.4668353,-122.1558225
PAST SALE,May-24-2021,Single Family Residential,754 Gilbert Ave,MENLO PARK,CA,94025,2175000,3,2.0,MENLO PARK,1430,5450,1951,97,1521,,Sold,,,http://www.redfin.com/CA/Menlo-Park/754-Gilbert-Ave-94025/home/2050630,MLSListings,ML81838728,Y,Y,37.4612238,-122.1634512
PAST SALE,July-16-2021,Single Family Residential,1049 Almanor Ave,MENLO PARK,CA,94025,2850000,4,2.5,MENLO PARK,2637,7875,2019,44,1081,,Sold,,,http://www.redfin.com/CA/Menlo-Park/1049-Almanor-Ave-94025/home/1823885,MLSListings,ML81844953,N,Y,37.4732178,-122.1635399
PAST SALE,,Single Family Residential,32 Anderson Way,Menlo Park,CA,94025,3250000,4,2.0,,2390,10200,1960,,1360,,,,,http://www.redfin.com/CA/Menlo-Park/32-Anderson-Way-94025/home/1241042,,,N,Y,37.4223347,-122.1936946
PAST SALE,May-12-2021,Single Family Residential,2121 Santa Cruz Ave,MENLO PARK,CA,94025,2175000,3,2.5,MENLO PARK,2170,7020,1949,109,1002,,Sold,,,http://www.redfin.com/CA/Menlo-Park/2121-Santa-Cruz-Ave-94025/home/1389982,MLSListings,ML81837415,Y,Y,37.4277024,-122.1943375
PAST SALE,,Single Family Residential,1840 White Oak Dr,Menlo Park,CA,94025,8950000,7,7.0,,7647,14200,2019,,1170,,,,,http://www.redfin.com/CA/Menlo-Park/1840-White-Oak-Dr-94025/home/1727127,,,N,Y,37.4329791,-122.1923201
PAST SALE,March-31-2021,Single Family Residential,420 6th Ave,MENLO PARK,CA,94025,1300000,3,2.0,MENLO PARK,920,6000,1947,151,1413,,Sold,,,http://www.redfin.com/CA/Menlo-Park/420-Sixth-Ave-94025/home/1015568,MLSListings,ML81831810,N,Y,37.472335,-122.2029167
PAST SALE,April-2-2021,Single Family Residential,4205 Fair Oaks Ave,MENLO PARK,CA,94025,1880000,3,2.0,MENLO PARK,1543,5875,1948,149,1218,,Sold,,,http://www.redfin.com/CA/Menlo-Park/4205-Fair-Oaks-Ave-94025/home/2014918,MLSListings,ML81831666,N,Y,37.4743408,-122.1909012
PAST SALE,July-12-2021,Single Family Residential,380 6th Ave,Menlo Park,CA,94025,1175000,2,1.0,Menlo Park,1010,5640,1949,48,,,Sold,,,http://www.redfin.com/CA/Menlo-Park/380-Sixth-Ave-94025/home/847193,MetroList,20055326,N,Y,37.4709932,-122.203759
PAST SALE,August-9-2021,Single Family Residential,1009 Marsh Rd,REDWOOD CITY,CA,94063,1320000,3,2.0,REDWOOD CITY,1219,6000,1947,20,1083,,Sold,,,http://www.redfin.com/CA/Redwood-City/1009-Marsh-Rd-94063/home/1931732,MLSListings,ML81851113,N,Y,37.4791611,-122.1857576
PAST SALE,July-23-2021,Single Family Residential,688 12th Ave,MENLO PARK,CA,94025,2550000,4,4.0,MENLO PARK,2743,5700,2016,37,930,,Sold,,,http://www.redfin.com/CA/Menlo-Park/688-Twelfth-Ave-94025/home/1886812,MLSListings,ML81851963,Y,Y,37.4753056,-122.1946764
PAST SALE,May-11-2021,Single Family Residential,151 Waverley St,PALO ALTO,CA,94301,4000000,4,2.5,PALO ALTO,2270,7250,1920,110,1762,,Sold,,,http://www.redfin.com/CA/Palo-Alto/151-Waverley-St-94301/home/1344453,MLSListings,ML81833796,N,Y,37.450183,-122.1647817
PAST SALE,August-11-2021,Single Family Residential,166 Cowper St,PALO ALTO,CA,94301,1670000,2,1.0,PALO ALTO,762,2050,1921,18,2192,,Sold,,,http://www.redfin.com/CA/Palo-Alto/166-Cowper-St-94301/home/1493809,MLSListings,ML81850368,N,Y,37.4509316,-122.1636729
PAST SALE,May-25-2021,Single Family Residential,513 8th Ave,MENLO PARK,CA,94025,1850000,2,2.0,MENLO PARK,1170,5300,1959,96,1581,,Sold,,,http://www.redfin.com/CA/Menlo-Park/513-Eighth-Ave-94025/home/2034406,MLSListings,ML81836587,Y,Y,37.4741068,-122.2001679
PAST SALE,June-11-2021,Single Family Residential,1102 Alberni St,EAST PALO ALTO,CA,94303,1025000,4,3.0,EAST PALO ALTO,1160,6600,1940,79,884,,Sold,,,http://www.redfin.com/CA/East-Palo-Alto/1102-Alberni-St-94303/home/2056459,MLSListings,ML81833156,N,Y,37.4732736,-122.1491691
PAST SALE,August-17-2021,Single Family Residential,1277 Woodland Ave,MENLO PARK,CA,94025,2950000,4,2.5,MENLO PARK,1930,9720,1953,12,1528,,Sold,,,http://www.redfin.com/CA/Menlo-Park/1277-Woodland-Ave-94025/home/1882415,MLSListings,ML81853045,N,Y,37.4577404,-122.1504333
PAST SALE,August-3-2021,Single Family Residential,124 Oak Ct,MENLO PARK,CA,94025,1530000,2,1.0,MENLO PARK,845,4673,1930,26,1811,,Sold,,,http://www.redfin.com/CA/Menlo-Park/124-Oak-Ct-94025/home/2002426,MLSListings,ML81838110,N,Y,37.4590657,-122.1520523
PAST SALE,August-6-2021,Single Family Residential,315 Concord Dr,MENLO PARK,CA,94025,2980000,3,2.0,MENLO PARK,1580,8400,1948,23,1886,,Sold,,,http://www.redfin.com/CA/Menlo-Park/315-Concord-Dr-94025/home/1584043,MLSListings,ML81851978,N,Y,37.4560393,-122.1579515
PAST SALE,,Single Family Residential,4 Knoll Vis,Atherton,CA,94027,6403000,5,5.0,,4980,55005,1986,,1286,,,,,http://www.redfin.com/CA/Atherton/4-Knoll-Vis-94027/home/1408195,,,N,Y,37.429426,-122.2199622
PAST SALE,June-2-2021,Single Family Residential,1015 Trinity Dr,MENLO PARK,CA,94025,3900000,5,3.0,MENLO PARK,2740,19000,1966,88,1423,,Sold,,,http://www.redfin.com/CA/Menlo-Park/1015-Trinity-Dr-94025/home/1463542,MLSListings,ML81839701,N,Y,37.4252397,-122.2123596
PAST SALE,March-24-2021,Single Family Residential,905 Sherman Ave,MENLO PARK,CA,94025,2300000,2,2.0,MENLO PARK,1190,5500,1946,158,1933,,Sold,,,http://www.redfin.com/CA/Menlo-Park/905-Sherman-Ave-94025/home/886727,MLSListings,ML81835766,N,Y,37.4330793,-122.1979067
PAST SALE,April-16-2021,Single Family Residential,2098 Oakley Ave,MENLO PARK,CA,94025,3200000,4,3.5,MENLO PARK,2700,6741,2015,135,1185,,Sold,,,http://www.redfin.com/CA/Menlo-Park/2098-Oakley-Ave-94025/home/894612,MLSListings,ML81829150,N,Y,37.4334265,-122.204158
PAST SALE,,Single Family Residential,2110 Prospect St,Menlo Park,CA,94025,2705500,3,2.0,,1600,9975,1958,,1691,,,,,http://www.redfin.com/CA/Menlo-Park/2110-Prospect-St-94025/home/895356,,,N,Y,37.4307111,-122.2005226
PAST SALE,March-30-2021,Single Family Residential,5 Brent Ct,MENLO PARK,CA,94025,3550000,4,5.5,MENLO PARK,4500,6500,1975,152,789,999,Sold,,,http://www.redfin.com/CA/Menlo-Park/5-Brent-Ct-94025/home/899584,MLSListings,ML81820050,N,Y,37.4250297,-122.2100322
PAST SALE,June-14-2021,Single Family Residential,925 Siskiyou Dr,MENLO PARK,CA,94025,4325000,5,3.5,MENLO PARK,3540,17040,1964,76,1222,,Sold,,,http://www.redfin.com/CA/Menlo-Park/925-Siskiyou-Dr-94025/home/1824347,MLSListings,ML81844165,N,Y,37.4222217,-122.2094116
PAST SALE,July-6-2021,Single Family Residential,2024 Gordon Ave,MENLO PARK,CA,94025,2575000,3,2.0,MENLO PARK,1660,6000,1954,54,1551,,Sold,,,http://www.redfin.com/CA/Menlo-Park/2024-Gordon-Ave-94025/home/1988659,MLSListings,ML81851592,N,Y,37.4336464,-122.2015866
PAST SALE,June-24-2021,Single Family Residential,1314 Cloud Ave,MENLO PARK,CA,94025,4100000,5,4.5,MENLO PARK,4430,7000,1947,66,926,,Sold,,,http://www.redfin.com/CA/Menlo-Park/1314-Cloud-Ave-94025/home/1865149,MLSListings,ML81845126,N,Y,37.4350158,-122.2023181
PAST SALE,,Single Family Residential,2085 Sharon Rd,West Menlo Park,CA,94025,4150000,5,5.5,,3162,7325,2017,,1312,,,,,http://www.redfin.com/CA/West-Menlo-Park/2085-Sharon-Rd-94025/home/109581721,,,N,Y,37.430684,-122.198532
PAST SALE,July-20-2021,Single Family Residential,2101 Valparaiso Ave,MENLO PARK,CA,94025,3535000,5,4.5,MENLO PARK,2797,6480,2021,40,1264,,Sold,,,http://www.redfin.com/CA/Menlo-Park/2101-Valparaiso-Ave-94025/home/1625885,MLSListings,ML81825627,N,Y,37.4337893,-122.2057984
PAST SALE,May-17-2021,Single Family Residential,309 University Dr,MENLO PARK,CA,94025,3926000,4,3.0,MENLO PARK,2650,7500,1990,104,1482,,Sold,,,http://www.redfin.com/CA/Menlo-Park/309-University-Dr-94025/home/1308306,MLSListings,ML81837412,N,Y,37.445066,-122.1787957
PAST SALE,June-1-2021,Single Family Residential,2 Fredrick Ave,ATHERTON,CA,94027,6700000,4,3.5,ATHERTON,4335,38700,1941,89,1546,,Sold,,,http://www.redfin.com/CA/Atherton/2-Fredrick-Ave-94027/home/1425017,MLSListings,ML81836802,N,Y,37.4719934,-122.1720107
PAST SALE,July-6-2021,Single Family Residential,740 Creek Dr,MENLO PARK,CA,94025,4500000,4,3.0,MENLO PARK,2975,12463,1939,54,1513,,Sold,,,http://www.redfin.com/CA/Menlo-Park/740-Creek-Dr-94025/home/1871444,MLSListings,ML81849981,N,Y,37.4454358,-122.1739398
PAST SALE,April-16-2021,Single Family Residential,240 Princeton Rd,MENLO PARK,CA,94025,5850000,5,4.5,MENLO PARK,4086,7500,2013,135,1432,,Sold,,,http://www.redfin.com/CA/Menlo-Park/240-Princeton-Rd-94025/home/1927032,MLSListings,ML81832280,N,Y,37.4434361,-122.1791061
PAST SALE,May-6-2021,Single Family Residential,2075 Manzanita Ave,MENLO PARK,CA,94025,3200000,3,2.0,MENLO PARK,1813,6000,1963,115,1765,,Sold,,,http://www.redfin.com/CA/Menlo-Park/2075-Manzanita-Ave-94025/home/1155284,MLSListings,ML81837427,N,Y,37.4360832,-122.2087244
PAST SALE,,Single Family Residential,160 Garland Dr,Menlo Park,CA,94025,6810500,5,6.0,,6335,13500,2009,,1075,,,,,http://www.redfin.com/CA/Menlo-Park/160-Garland-Dr-94025/home/1343035,,,N,Y,37.4374291,-122.1870435
PAST SALE,,Single Family Residential,1003 Olive St,Menlo Park,CA,94025,4600000,3,3.0,,2440,13110,1950,,1885,,,,,http://www.redfin.com/CA/Menlo-Park/1003-Olive-St-94025/home/1986414,,,N,Y,37.4396316,-122.1935394
PAST SALE,July-19-2021,Single Family Residential,1245 N Lemon Ave,MENLO PARK,CA,94025,7800000,6,6.0,MENLO PARK,5420,10242,2021,41,1439,,Sold,,,http://www.redfin.com/CA/Menlo-Park/1245-N-Lemon-Ave-94025/home/1851195,MLSListings,ML81840219,N,Y,37.4378724,-122.1996358
PAST SALE,June-14-2021,Single Family Residential,604 9th Ave,MENLO PARK,CA,94025,1310000,2,1.0,MENLO PARK,780,3424,1956,76,1679,,Sold,,,http://www.redfin.com/CA/Menlo-Park/604-9th-Ave-94025/home/1037390,MLSListings,ML81842700,N,Y,37.4750428,-122.197951
PAST SALE,June-18-2021,Single Family Residential,1175 Laurel St,MENLO PARK,CA,94025,2300000,3,2.5,MENLO PARK,1820,3354,1988,72,1264,,Sold,,,http://www.redfin.com/CA/Menlo-Park/1175-Laurel-St-94025/home/1909551,MLSListings,ML81836775,Y,Y,37.4567954,-122.1818554
PAST SALE,April-7-2021,Single Family Residential,1958 Menalto Ave,MENLO PARK,CA,94025,2150000,3,3.0,MENLO PARK,1780,3140,2006,144,1208,,Sold,,,http://www.redfin.com/CA/Menlo-Park/1958-Menalto-Ave-94025/unit-1/home/17307898,MLSListings,ML81830815,N,Y,37.4602643,-122.1520523
PAST SALE,May-26-2021,Single Family Residential,230 Oconnor St,MENLO PARK,CA,94025,3880000,4,3.5,MENLO PARK,2825,9000,2018,95,1373,,Sold,,,http://www.redfin.com/CA/Menlo-Park/230-O-Connor-St-94025/home/1037964,MLSListings,ML81841626,N,Y,37.4609133,-122.1497901
PAST SALE,May-18-2021,Single Family Residential,943 timothy,MENLO PARK,CA,94025,2130000,3,1.5,MENLO PARK,1630,7055,1948,103,1307,,Sold,,,http://www.redfin.com/CA/Menlo-Park/943-Timothy-Ln-94025/home/851762,MLSListings,ML81838429,N,Y,37.4779027,-122.1784409
PAST SALE,April-2-2021,Single Family Residential,1216 Hollyburne Ave,MENLO PARK,CA,94025,1078000,2,1.0,MENLO PARK,1060,5750,1949,149,1017,,Sold,,,http://www.redfin.com/CA/Menlo-Park/1216-Hollyburne-Ave-94025/home/855745,MLSListings,ML81828540,N,Y,37.474564,-122.1579958
PAST SALE,July-28-2021,Single Family Residential,1236 Hollyburne Ave,MENLO PARK,CA,94025,1220000,3,1.0,MENLO PARK,1040,5750,1947,32,1173,,Sold,,,http://www.redfin.com/CA/Menlo-Park/1236-Hollyburne-Ave-94025/home/852699,MLSListings,ML81849768,N,Y,37.4751825,-122.1576854
PAST SALE,April-14-2021,Single Family Residential,248 Greenoaks Dr,ATHERTON,CA,94027,7300000,6,4.5,ATHERTON,4635,40205,1951,137,1575,,Sold,,,http://www.redfin.com/CA/Atherton/248-Greenoaks-Dr-94027/home/2006016,MLSListings,ML81832324,N,Y,37.4741039,-122.173075
PAST SALE,May-13-2021,Single Family Residential,1054 Menlo Oaks Dr,MENLO PARK,CA,94025,2010000,3,2.0,MENLO PARK,1319,5250,1945,108,1524,,Sold,,,http://www.redfin.com/CA/Menlo-Park/1054-Menlo-Oaks-Dr-94025/home/1609318,MLSListings,ML81838052,N,Y,37.4730937,-122.1640721
PAST SALE,July-13-2021,Single Family Residential,1038 Menlo Oaks Dr,MENLO PARK,CA,94025,2200000,3,2.0,MENLO PARK,1551,6800,1940,47,1418,,Sold,,,http://www.redfin.com/CA/Menlo-Park/1038-Menlo-Oaks-Dr-94025/home/860527,MLSListings,ML81846549,N,Y,37.4722446,-122.1646487
PAST SALE,July-30-2021,Single Family Residential,1031 Menlo Oaks Dr,MENLO PARK,CA,94025,2375000,4,2.0,MENLO PARK,2040,6450,1938,30,1164,,Sold,,,http://www.redfin.com/CA/Menlo-Park/1031-Menlo-Oaks-Dr-94025/home/859210,MLSListings,ML81850880,N,Y,37.4721444,-122.1652252
PAST SALE,April-8-2021,Single Family Residential,2081 Ralmar Ave,EAST PALO ALTO,CA,94303,1282000,3,1.0,EAST PALO ALTO,1000,5040,1952,143,1282,,Sold,,,http://www.redfin.com/CA/East-Palo-Alto/2081-Ralmar-Ave-94303/home/864944,MLSListings,ML81830429,N,Y,37.4643877,-122.1501893
PAST SALE,,Single Family Residential,2107 Ralmar Ave,East Palo Alto,CA,94303,825000,3,2.0,,1440,5000,1977,,573,,,,,http://www.redfin.com/CA/East-Palo-Alto/2107-Ralmar-Ave-94303/home/1909613,,,N,Y,37.4650332,-122.1497901
PAST SALE,March-30-2021,Single Family Residential,158 Seminary Dr,MENLO PARK,CA,94025,4750000,5,3.5,MENLO PARK,3587,11771,1998,152,1324,,Sold,,,http://www.redfin.com/CA/Menlo-Park/158-Seminary-Dr-94025/home/1567904,MLSListings,ML81832487,N,Y,37.4615055,-122.1676423
PAST SALE,June-4-2021,Single Family Residential,1036 Tehama Ave,MENLO PARK,CA,94025,2495000,3,2.0,MENLO PARK,1710,6000,1953,86,1459,,Sold,,,http://www.redfin.com/CA/Menlo-Park/1036-Tehama-Ave-94025/home/1193911,MLSListings,ML81837765,N,Y,37.4737778,-122.168108
PAST SALE,April-12-2021,Single Family Residential,341 Oconnor St,MENLO PARK,CA,94025,2400000,3,2.0,MENLO PARK,1725,5980,1977,139,1391,,Sold,,,http://www.redfin.com/CA/Menlo-Park/341-O-Connor-St-94025/home/1479279,MLSListings,ML81833030,N,Y,37.4610935,-122.1478384
PAST SALE,May-7-2021,Single Family Residential,470 Middlefield Rd,ATHERTON,CA,94027,5310000,5,3.0,ATHERTON,4536,48180,1951,114,1171,,Sold,,,http://www.redfin.com/CA/Atherton/470-Middlefield-Rd-94027/home/2037559,MLSListings,ML81829997,N,Y,37.4621051,-122.1799708
PAST SALE,April-30-2021,Single Family Residential,1130 Windermere Ave,MENLO PARK,CA,94025,1260000,4,2.0,MENLO PARK,1350,5750,1950,121,933,,Sold,,,http://www.redfin.com/CA/Menlo-Park/1130-Windermere-Ave-94025/home/1516922,MLSListings,ML81831668,N,Y,37.4734052,-122.1595926
PAST SALE,May-12-2021,Single Family Residential,1150 Hollyburne Ave,MENLO PARK,CA,94025,1299888,2,1.5,MENLO PARK,970,5750,1946,109,1340,,Sold,,,http://www.redfin.com/CA/Menlo-Park/1150-Hollyburne-Ave-94025/home/1667882,MLSListings,ML81821683,N,Y,37.4736295,-122.1584837
PAST SALE,July-16-2021,Single Family Residential,1107 Sevier Ave,Menlo Park,CA,94025,1000000,3,1.0,Menlo Park,910,6555,1954,44,1099,,Sold,,,http://www.redfin.com/CA/Menlo-Park/1107-Sevier-Ave-94025/home/1920410,San Francisco MLS,421560122,N,Y,37.4718367,-122.1588386
PAST SALE,May-14-2021,Single Family Residential,2551 Gloria Way,EAST PALO ALTO,CA,94303,1130000,3,2.0,EAST PALO ALTO,1100,5200,1956,107,1027,,Sold,,,http://www.redfin.com/CA/East-Palo-Alto/2551-Gloria-Way-94303/home/2046684,MLSListings,ML81841751,N,Y,37.4743142,-122.1421604
PAST SALE,May-10-2021,Single Family Residential,531 Menlo Oaks Dr,MENLO PARK,CA,94025,3400000,3,2.0,MENLO PARK,1710,11856,1939,111,1988,,Sold,,,http://www.redfin.com/CA/Menlo-Park/531-Menlo-Oaks-Dr-94025/home/1184344,MLSListings,ML81835969,N,Y,37.4652973,-122.1689063
PAST SALE,May-17-2021,Single Family Residential,601 Menlo Oaks Dr,MENLO PARK,CA,94025,7100000,5,5.5,MENLO PARK,6788,20400,2005,104,1046,,Sold,,,http://www.redfin.com/CA/Menlo-Park/601-Menlo-Oaks-Dr-94025/home/1926600,MLSListings,ML81836361,N,Y,37.4661375,-122.1687289
PAST SALE,,Single Family Residential,219 Laurel Ave,Menlo Park,CA,94025,2450000,2,1.0,,1180,10400,1947,,2076,,,,,http://www.redfin.com/CA/Menlo-Park/219-Laurel-Ave-94025/home/858561,,,N,Y,37.457489,-122.1567539
PAST SALE,June-28-2021,Single Family Residential,423 Chaucer St,PALO ALTO,CA,94301,7750000,5,4.5,PALO ALTO,3858,17368,1922,62,2009,,Sold,,,http://www.redfin.com/CA/Palo-Alto/423-Chaucer-St-94301/home/542304,MLSListings,ML81844806,N,Y,37.4562899,-122.1528063
PAST SALE,April-19-2021,Single Family Residential,2001 Menalto Ave,MENLO PARK,CA,94025,3900000,4,3.0,MENLO PARK,2843,9608,2020,132,1372,,Sold,,,http://www.redfin.com/CA/Menlo-Park/2001-Menalto-Ave-94025/home/1361086,MLSListings,ML81826494,N,Y,37.4617835,-122.1522297
PAST SALE,April-12-2021,Single Family Residential,180 Newbridge St,MENLO PARK,CA,94025,1195000,3,1.5,MENLO PARK,1290,5750,1951,139,926,,Sold,,,http://www.redfin.com/CA/Menlo-Park/180-Newbridge-St-94025/home/857570,MLSListings,ML81828472,N,Y,37.4747977,-122.1626529
PAST SALE,May-13-2021,Single Family Residential,220 Newbridge St,MENLO PARK,CA,94025,1540000,4,3.0,MENLO PARK,1815,6000,1951,108,848,,Sold,,,http://www.redfin.com/CA/Menlo-Park/220-Newbridge-St-94025/home/1015768,MLSListings,ML81835006,N,Y,37.4748184,-122.1617215
PAST SALE,March-12-2021,Single Family Residential,2465 Alpine Rd,Menlo Park,CA,94025,2200000,3,1.5,Menlo Park,2305,,1948,170,954,,Sold,,,http://www.redfin.com/CA/Menlo-Park/2465-Alpine-Rd-94025/home/900015,SDMLS,200053499,N,Y,37.4191132,-122.1908569
PAST SALE,July-12-2021,Single Family Residential,4 STOWE Ln,MENLO PARK,CA,94025,1950000,3,2.0,MENLO PARK,1470,6400,1965,48,1327,,Sold,,,http://www.redfin.com/CA/Menlo-Park/4-Stowe-Ln-94025/home/2032494,MLSListings,ML81844241,Y,Y,37.4197396,-122.1907682
PAST SALE,,Single Family Residential,501 Berkeley Ave,Menlo Park,CA,94025,4600000,5,3.0,,3170,12876,1987,,1451,,,,,http://www.redfin.com/CA/Menlo-Park/501-Berkeley-Ave-94025/home/854502,,,N,Y,37.4637102,-122.1667331
PAST SALE,May-13-2021,Single Family Residential,180 Hanna Way,MENLO PARK,CA,94025,4420000,4,3.5,MENLO PARK,3040,10825,1998,108,1454,,Sold,,,http://www.redfin.com/CA/Menlo-Park/180-Hanna-Way-94025/home/1240527,MLSListings,ML81843768,N,Y,37.46275,-122.1666888
PAST SALE,March-26-2021,Single Family Residential,325 Arden Rd,MENLO PARK,CA,94025,4150000,3,2.0,MENLO PARK,2739,15750,1939,156,1515,,Sold,,,http://www.redfin.com/CA/Menlo-Park/325-Arden-Rd-94025/home/2058134,MLSListings,ML81830489,N,Y,37.4615973,-122.1892828
PAST SALE,,Single Family Residential,328 Central Ave,Menlo Park,CA,94025,2650000,2,1.0,,1060,6860,1920,,2500,,,,,http://www.redfin.com/CA/Menlo-Park/328-Central-Ave-94025/home/1695169,,,N,Y,37.4580404,-122.1538265
PAST SALE,March-25-2021,Single Family Residential,1435 Woodland Ave,MENLO PARK,CA,94025,2520000,3,2.0,MENLO PARK,1736,6800,1957,157,1452,,Sold,,,http://www.redfin.com/CA/Menlo-Park/1435-Woodland-Ave-94025/home/1964069,MLSListings,ML81828636,N,Y,37.4571762,-122.146552
PAST SALE,August-23-2021,Single Family Residential,867 Woodland Ave,MENLO PARK,CA,94025,2052500,3,1.0,MENLO PARK,1360,5000,1940,6,1509,,Sold,,,http://www.redfin.com/CA/Menlo-Park/867-Woodland-Ave-94025/home/2047731,MLSListings,ML81846244,Y,Y,37.4554963,-122.1565322
PAST SALE,,Single Family Residential,228 Fulton St,Palo Alto,CA,94301,2750000,3,2.0,,1704,5100,1913,,1614,,,,,http://www.redfin.com/CA/Palo-Alto/228-Fulton-St-94301/home/1679134,,,N,Y,37.4531681,-122.1596369
PAST SALE,May-24-2021,Single Family Residential,49 Lorelei Ln,MENLO PARK,CA,94025,2100000,3,2.0,MENLO PARK,1370,5000,1956,97,1533,,Sold,,,http://www.redfin.com/CA/Menlo-Park/49-Lorelei-Ln-94025/home/1816490,MLSListings,ML81839331,Y,Y,37.4779301,-122.1833409
PAST SALE,April-9-2021,Single Family Residential,603 Palmer Ln,MENLO PARK,CA,94025,1815000,3,2.0,MENLO PARK,1520,4066,1949,142,1194,,Sold,,,http://www.redfin.com/CA/Menlo-Park/603-Palmer-Ln-94025/home/1926547,MLSListings,ML81833921,N,Y,37.4733135,-122.1932955
PAST SALE,,Single Family Residential,832 Fifteenth Ave,Menlo Park,CA,94025,1375000,2,1.0,,870,5550,1950,,1580,,,,,http://www.redfin.com/CA/Menlo-Park/832-Fifteenth-Ave-94025/home/1541468,,,N,Y,37.4762664,-122.1906598
PAST SALE,August-24-2021,Single Family Residential,736 11th Ave,MENLO PARK,CA,94025,1800008,3,2.0,MENLO PARK,1201,5350,1955,5,1499,,Sold,,,http://www.redfin.com/CA/Menlo-Park/736-Eleventh-Ave-94025/home/1959122,MLSListings,ML81854491,N,Y,37.4764596,-122.1948917
PAST SALE,July-13-2021,Single Family Residential,202 Ravenswood Ave,MENLO PARK,CA,94025,2050000,4,3.0,MENLO PARK,1840,2500,1964,47,1114,300,Sold,,,http://www.redfin.com/CA/Menlo-Park/202-Ravenswood-Ave-94025/home/2043099,MLSListings,ML81846987,Y,Y,37.45879938246213,-122.17825772359004
PAST SALE,August-16-2021,Single Family Residential,1066 Laurel St,MENLO PARK,CA,94025,2700000,4,2.0,MENLO PARK,1960,5500,1926,13,1378,,Sold,,,http://www.redfin.com/CA/Menlo-Park/1066-Laurel-St-94025/home/856735,MLSListings,ML81847601,N,Y,37.456494,-122.1802591
PAST SALE,July-19-2021,Single Family Residential,1143 Saratoga Ave,EAST PALO ALTO,CA,94303,1145000,3,2.0,EAST PALO ALTO,1680,5500,1950,41,682,,Sold,,,http://www.redfin.com/CA/East-Palo-Alto/1143-Saratoga-Ave-94303/home/1371432,MLSListings,ML81834873,N,Y,37.4710277,-122.1547801
PAST SALE,,Single Family Residential,277 O' Connor St,Menlo Park,CA,94025,1925000,2,1.0,,1060,7000,1951,,1816,,,,,http://www.redfin.com/CA/Menlo-Park/277-O-Connor-St-94025/home/1851004,,,N,Y,37.461144,-122.1489766
PAST SALE,April-26-2021,Single Family Residential,451 Chaucer St,PALO ALTO,CA,94301,4200000,3,3.0,PALO ALTO,2026,10500,1908,125,2073,,Sold,,,http://www.redfin.com/CA/Palo-Alto/451-Chaucer-St-94301/home/1800368,MLSListings,ML81828123,N,Y,37.4560994,-122.152385
PAST SALE,May-7-2021,Single Family Residential,980 Wallea Dr,MENLO PARK,CA,94025,7400000,5,5.5,MENLO PARK,5095,10000,2017,114,1452,,Sold,,,http://www.redfin.com/CA/Menlo-Park/980-Wallea-Dr-94025/home/1552790,MLSListings,ML81830806,N,Y,37.4441069,-122.1882408
PAST SALE,June-18-2021,Single Family Residential,11 Garland Pl,MENLO PARK,CA,94025,4180000,4,2.5,MENLO PARK,2190,9900,1966,72,1909,,Sold,,,http://www.redfin.com/CA/Menlo-Park/11-Garland-Pl-94025/home/1785100,MLSListings,ML81849820,N,Y,37.4380103,-122.1867331
PAST SALE,July-9-2021,Single Family Residential,1262 Middle Ave,MENLO PARK,CA,94025,2500000,2,1.0,MENLO PARK,1120,7728,1941,51,2232,,Sold,,,http://www.redfin.com/CA/Menlo-Park/1262-Middle-Ave-94025/home/2025019,MLSListings,ML81847438,Y,Y,37.4404253,-122.185935
PAST SALE,,Single Family Residential,755 Hermosa Way,Menlo Park,CA,94025,6600000,3,2.0,,1810,21708,1951,,3646,,,,,http://www.redfin.com/CA/Menlo-Park/755-Hermosa-Way-94025/home/1892877,,,N,Y,37.4410672,-122.1885068
PAST SALE,August-13-2021,Single Family Residential,1585 Bay Laurel Dr,Menlo Park,CA,94025,7600000,5,3.5,Menlo Park,4000,23435,1952,16,1900,,Sold,,,http://www.redfin.com/CA/Menlo-Park/1585-Bay-Laurel-Dr-94025/home/2022200,San Francisco MLS,421569374,N,Y,37.4354728,-122.1840504
PAST SALE,May-25-2021,Single Family Residential,445 Maple St,PALO ALTO,CA,94301,6200000,5,6.0,PALO ALTO,5887,7745,2013,96,1053,,Sold,,,http://www.redfin.com/CA/Palo-Alto/445-Maple-St-94301/home/1627919,MLSListings,ML81845792,N,Y,37.4562458,-122.1491247
PAST SALE,,Single Family Residential,335 Barton Pl,Menlo Park,CA,94025,3500000,4,3.0,,2272,6800,1947,,1540,,,,,http://www.redfin.com/CA/Menlo-Park/335-Barton-Pl-94025/home/858494,,,N,Y,37.4588595,-122.159149
PAST SALE,May-6-2021,Single Family Residential,357 Mckendry Dr,MENLO PARK,CA,94025,2150000,3,1.5,MENLO PARK,1250,5005,1944,115,1720,,Sold,,,http://www.redfin.com/CA/Menlo-Park/357-McKendry-Dr-94025/home/1173890,MLSListings,ML81836345,Y,Y,37.4592064,-122.1609675
PAST SALE,April-26-2021,Single Family Residential,371 Nova Ln,MENLO PARK,CA,94025,2430000,3,1.0,MENLO PARK,1360,6248,1951,125,1787,,Sold,,,http://www.redfin.com/CA/Menlo-Park/371-Nova-Ln-94025/home/1417261,MLSListings,ML81838801,Y,Y,37.4584979,-122.1579958
PAST SALE,April-2-2021,Single Family Residential,212 O'Keefe St,MENLO PARK,CA,94025,2510000,3,2.0,MENLO PARK,1564,7650,1947,149,1605,,Sold,,,http://www.redfin.com/CA/Menlo-Park/212-Okeefe-St-94025/home/857111,MLSListings,ML81829901,N,Y,37.4633437,-122.153383
PAST SALE,July-1-2021,Single Family Residential,1104 Sevier Ave,MENLO PARK,CA,94025,948000,2,1.0,MENLO PARK,820,5175,1949,59,1156,,Sold,,,http://www.redfin.com/CA/Menlo-Park/1104-Sevier-Ave-94025/home/855797,MLSListings,ML81846015,N,Y,37.4715459,-122.158388
PAST SALE,,Single Family Residential,944 Timothy Ln,Menlo Park,CA,94025,1600000,3,1.0,,1080,5668,1948,,1481,,,,,http://www.redfin.com/CA/Menlo-Park/944-Timothy-Ln-94025/home/1643809,,,N,Y,37.4778907,-122.1778644
PAST SALE,July-12-2021,Single Family Residential,391 Hedge Rd,MENLO PARK,CA,94025,2600000,3,2.5,MENLO PARK,1738,6048,1950,48,1496,,Sold,,,http://www.redfin.com/CA/Menlo-Park/391-Hedge-Rd-94025/home/2014760,MLSListings,ML81853000,N,Y,37.4757965,-122.1744054
PAST SALE,May-27-2021,Single Family Residential,1450 Hill Ave,MENLO PARK,CA,94025,1230000,4,2.0,MENLO PARK,1280,4500,1952,94,961,,Sold,,,http://www.redfin.com/CA/Menlo-Park/1450-Hill-Ave-94025/home/2050553,MLSListings,ML81841305,N,Y,37.4780783,-122.1644269
PAST SALE,July-9-2021,Single Family Residential,1228 Carlton Ave,MENLO PARK,CA,94025,1150000,4,2.0,MENLO PARK,1585,6000,1949,51,726,,Sold,,,http://www.redfin.com/CA/Menlo-Park/1228-Carlton-Ave-94025/home/1909561,MLSListings,ML81848351,N,Y,37.4740431,-122.1550241
PAST SALE,August-16-2021,Single Family Residential,1056 Sonoma Ave,MENLO PARK,CA,94025,2100000,3,2.0,MENLO PARK,1780,6000,1952,13,1180,,Sold,,,http://www.redfin.com/CA/Menlo-Park/1056-Sonoma-Ave-94025/home/1556447,MLSListings,ML81853897,N,Y,37.4742567,-122.1667775
PAST SALE,August-20-2021,Single Family Residential,152 Dunsmuir Way,MENLO PARK,CA,94025,2827500,3,3.0,MENLO PARK,1771,5600,1950,9,1597,,Sold,,,http://www.redfin.com/CA/Menlo-Park/152-Dunsmuir-Way-94025/home/2019988,MLSListings,ML81851662,N,Y,37.4762969,-122.1754697
PAST SALE,May-13-2021,Single Family Residential,1640 Purdue Ave,EAST PALO ALTO,CA,94303,900000,3,2.0,EAST PALO ALTO,1058,5000,1953,108,851,,Sold,,,http://www.redfin.com/CA/East-Palo-Alto/1640-Purdue-Ave-94303/home/1154572,MLSListings,ML81838181,N,Y,37.47904,-122.1386999
PAST SALE,March-18-2021,Single Family Residential,1695 Tulane Ave,EAST PALO ALTO,CA,94303,880000,3,1.0,EAST PALO ALTO,1070,5800,1953,164,822,,Sold,,,http://www.redfin.com/CA/East-Palo-Alto/1695-Tulane-Ave-94303/home/1454566,MLSListings,ML81828847,N,Y,37.4816816,-122.1375025
PAST SALE,,Single Family Residential,490 Walsh Rd,Atherton,CA,94027,6300000,3,3.0,,3240,87321,1948,,1944,,,,,http://www.redfin.com/CA/Atherton/490-Walsh-Rd-94027/home/1892996,,,N,Y,37.4255008,-122.2262787
PAST SALE,April-26-2021,Single Family Residential,175 Elliott Dr,MENLO PARK,CA,94025,2500000,3,2.0,MENLO PARK,1555,6300,1956,125,1608,,Sold,,,http://www.redfin.com/CA/Menlo-Park/175-Elliott-Dr-94025/home/1050364,MLSListings,ML81834359,N,Y,37.460187,-122.1504555
PAST SALE,June-4-2021,Single Family Residential,705 Live Oak Ave,MENLO PARK,CA,94025,2700000,3,2.0,MENLO PARK,2120,5650,1935,86,1274,,Sold,,,http://www.redfin.com/CA/Menlo-Park/705-Live-Oak-Ave-94025/home/1568410,MLSListings,ML81838467,N,Y,37.4508123,-122.1814563
PAST SALE,July-13-2021,Single Family Residential,301 Yale Rd,MENLO PARK,CA,94025,4150000,5,4.5,MENLO PARK,3123,7500,1936,47,1329,,Sold,,,http://www.redfin.com/CA/Menlo-Park/301-Yale-Rd-94025/home/893816,MLSListings,ML81844252,N,Y,37.4441418,-122.1793722
PAST SALE,July-16-2021,Single Family Residential,460 Sherwood Way,MENLO PARK,CA,94025,3215000,3,2.0,MENLO PARK,1536,8400,1954,44,2093,,Sold,,,http://www.redfin.com/CA/Menlo-Park/460-Sherwood-Way-94025/home/861340,MLSListings,ML81847627,N,Y,37.4510346,-122.1736959
PAST SALE,August-27-2021,Single Family Residential,925 Roble Ave #1,MENLO PARK,CA,94025,2680000,3,2.5,MENLO PARK,1672,1140,2007,2,1603,,Sold,,,http://www.redfin.com/CA/Menlo-Park/925-Roble-Ave-94025/unit-1/home/17307104,MLSListings,ML81857110,N,Y,37.4471897,-122.1837955
PAST SALE,August-5-2021,Single Family Residential,411 Linfield Dr,MENLO PARK,CA,94025,3150000,3,2.0,MENLO PARK,1510,7992,1953,24,2086,,Sold,,,http://www.redfin.com/CA/Menlo-Park/411-Linfield-Dr-94025/home/861248,MLSListings,ML81857356,N,Y,37.4509319,-122.1715672
PAST SALE,July-1-2021,Single Family Residential,964 Monte Rosa Dr,MENLO PARK,CA,94025,4350000,5,3.5,MENLO PARK,3435,19000,1964,59,1266,,Sold,,,http://www.redfin.com/CA/Menlo-Park/964-Monte-Rosa-Dr-94025/home/1155308,MLSListings,ML81838362,N,Y,37.4267314,-122.2076383
PAST SALE,May-10-2021,Single Family Residential,2409 Sharon Oaks Dr,MENLO PARK,CA,94025,1975000,3,2.5,MENLO PARK,2250,2494,1968,111,878,861,Sold,,,http://www.redfin.com/CA/Menlo-Park/2409-Sharon-Oaks-Dr-94025/home/1626036,MLSListings,ML81836919,N,Y,37.4261277,-122.196073
PAST SALE,June-16-2021,Single Family Residential,2199 Sharon Rd,MENLO PARK,CA,94025,2770000,3,2.0,MENLO PARK,2089,12450,1952,74,1326,,Sold,,,http://www.redfin.com/CA/Menlo-Park/2199-Sharon-Rd-94025/home/1686721,MLSListings,ML81840776,N,Y,37.4286156,-122.2001935
PAST SALE,July-6-2021,Single Family Residential,2150 Harkins Ave,MENLO PARK,CA,94025,2770000,6,5.5,MENLO PARK,3860,5100,1971,54,718,,Sold,,,http://www.redfin.com/CA/Menlo-Park/2150-Harkins-Ave-94025/unit-2152/home/2058231,MLSListings,ML81836743,N,Y,37.430545,-122.2018083
PAST SALE,May-19-2021,Single Family Residential,1799 Stanford Ave,MENLO PARK,CA,94025,5000000,4,2.5,MENLO PARK,3120,14910,1951,102,1603,,Sold,,,http://www.redfin.com/CA/Menlo-Park/1799-Stanford-Ave-94025/home/888373,MLSListings,ML81842711,N,Y,37.4357813,-122.1942806
PAST SALE,June-29-2021,Single Family Residential,2140 Prospect St,MENLO PARK,CA,94025,6085000,4,4.5,MENLO PARK,3993,10720,2021,61,1524,,Sold,,,http://www.redfin.com/CA/Menlo-Park/2140-Prospect-St-94025/home/896115,MLSListings,ML81843087,N,Y,37.4302018,-122.2009659
PAST SALE,June-16-2021,Single Family Residential,2041 Mills Ave,MENLO PARK,CA,94025,4150000,5,4.0,MENLO PARK,2675,6000,2008,74,1551,,Sold,,,http://www.redfin.com/CA/Menlo-Park/2041-Mills-Ave-94025/home/896524,MLSListings,ML81843411,N,Y,37.4372593,-122.210276
PAST SALE,April-16-2021,Single Family Residential,2140 Mills Ave,MENLO PARK,CA,94025,4350000,4,4.5,MENLO PARK,2661,6000,2021,135,1635,,Sold,,,http://www.redfin.com/CA/Menlo-Park/2140-Mills-Ave-94025/home/1091689,MLSListings,ML81833917,N,Y,37.4358317,-122.212138
PAST SALE,April-21-2021,Single Family Residential,2030 Liberty Park Ave,MENLO PARK,CA,94025,2400000,2,2.0,MENLO PARK,1280,5000,1965,130,1875,,Sold,,,http://www.redfin.com/CA/Menlo-Park/2030-Liberty-Park-Ave-94025/home/1250862,MLSListings,ML81834802,N,Y,37.4323291,-122.1996358
PAST SALE,June-2-2021,Single Family Residential,1355 Hillview Dr,MENLO PARK,CA,94025,6880000,6,4.5,MENLO PARK,3768,10800,2015,88,1826,,Sold,,,http://www.redfin.com/CA/Menlo-Park/1355-Hillview-Dr-94025/home/1556876,MLSListings,ML81838757,N,Y,37.4435993,-122.1969978
PAST SALE,June-21-2021,Single Family Residential,1751 Croner Ave,MENLO PARK,CA,94025,3950000,3,2.5,MENLO PARK,2260,9690,1968,69,1748,,Sold,,,http://www.redfin.com/CA/Menlo-Park/1751-Croner-Ave-94025/home/1837274,MLSListings,ML81843709,N,Y,37.4360821,-122.1993033
PAST SALE,May-26-2021,Single Family Residential,1181 Orange Ave,MENLO PARK,CA,94025,3250000,3,2.0,MENLO PARK,2017,6250,1950,95,1611,,Sold,,,http://www.redfin.com/CA/Menlo-Park/1181-Orange-Ave-94025/home/1943202,MLSListings,ML81836245,N,Y,37.4353166,-122.2000349
PAST SALE,April-9-2021,Single Family Residential,2130 Camino A Los Cerros,MENLO PARK,CA,94025,3675000,4,3.5,MENLO PARK,2660,7700,2002,142,1382,,Sold,,,http://www.redfin.com/CA/Menlo-Park/2130-Cno-A-Los-Cerros-94025/home/1948046,MLSListings,ML81831347,N,Y,37.4356953,-122.2109854
PAST SALE,May-28-2021,Single Family Residential,1898 Camino A Los Cerros,MENLO PARK,CA,94025,4150000,4,3.5,MENLO PARK,2465,5940,2017,93,1684,,Sold,,,http://www.redfin.com/CA/Menlo-Park/1898-Cno-A-Los-Cerros-94025/home/2009565,MLSListings,ML81844283,N,Y,37.439277,-122.2065964
PAST SALE,May-24-2021,Single Family Residential,2044 Ashton Ave,MENLO PARK,CA,94025,2645000,3,2.0,MENLO PARK,1925,6000,1914,97,1374,,Sold,,,http://www.redfin.com/CA/Menlo-Park/2044-Ashton-Ave-94025/home/2050695,MLSListings,ML81832460,N,Y,37.4337589,-122.202695
PAST SALE,August-9-2021,Single Family Residential,1101 Cotton St,MENLO PARK,CA,94025,3800000,3,3.0,MENLO PARK,2410,10692,1952,20,1577,,Sold,,,http://www.redfin.com/CA/Menlo-Park/1101-Cotton-St-94025/home/1425647,MLSListings,ML81854926,N,Y,37.4419657,-122.1930073
PAST SALE,August-13-2021,Single Family Residential,1170 May Brown Ave,MENLO PARK,CA,94025,5900000,3,3.0,MENLO PARK,2860,28004,1972,16,2063,,Sold,,,http://www.redfin.com/CA/Menlo-Park/1170-May-Brown-Ave-94025/home/1038404,MLSListings,ML81828900,N,Y,37.4444569,-122.1921427
PAST SALE,August-16-2021,Single Family Residential,1360 Garden Ln,MENLO PARK,CA,94025,9800000,5,5.5,MENLO PARK,5590,23500,2001,13,1753,,Sold,,,http://www.redfin.com/CA/Menlo-Park/1360-Garden-Ln-94025/home/884483,MLSListings,ML81843516,N,Y,37.4478082,-122.1930073
PAST SALE,July-30-2021,Single Family Residential,1221 Cotton St,MENLO PARK,CA,94025,4200000,3,2.0,MENLO PARK,1890,10170,1951,30,2222,,Sold,,,http://www.redfin.com/CA/Menlo-Park/1221-Cotton-St-94025/home/885901,MLSListings,ML81853057,N,Y,37.4428888,-122.1947144
PAST SALE,July-1-2021,Single Family Residential,5 Bolton Pl,MENLO PARK,CA,94025,5485000,4,4.5,MENLO PARK,3370,10914,1950,59,1628,,Sold,,,http://www.redfin.com/CA/Menlo-Park/5-Bolton-Pl-94025/home/1617698,MLSListings,ML81847187,N,Y,37.4432355,-122.1903691
PAST SALE,August-25-2021,Single Family Residential,2141 Mills Ave,MENLO PARK,CA,94025,4154000,4,3.5,MENLO PARK,2419,5027,2021,4,1717,,Sold,,,http://www.redfin.com/CA/Menlo-Park/2141-Mills-Ave-94025/home/172809460,MLSListings,ML81852935,N,Y,37.4354392,-122.2118277
PAST SALE,May-10-2021,Single Family Residential,8 Sunset Ln,MENLO PARK,CA,94025,3760000,4,2.5,MENLO PARK,2600,15300,1963,111,1446,,Sold,,,http://www.redfin.com/CA/Menlo-Park/8-Sunset-Ln-94025/home/900759,MLSListings,ML81843457,N,Y,37.42330011557458,-122.20746649544121
PAST SALE,,Single Family Residential,2011 Valparaiso Ave,Menlo Park,CA,94025,3100000,4,3.0,,2040,6000,2011,,1520,,,,,http://www.redfin.com/CA/Menlo-Park/2011-Valparaiso-Ave-94025/home/1831397,,,N,Y,37.4354326,-122.2043354
PAST SALE,,Other,425 Eighth Ave,Menlo Park,CA,94025,1280000,,,,,5300,,,,,,,,http://www.redfin.com/CA/Menlo-Park/425-Eighth-Ave-94025/home/848007,,,N,Y,37.4720252,-122.2014425
PAST SALE,August-9-2021,Single Family Residential,2065 Sterling Ave,MENLO PARK,CA,94025,3250000,3,2.0,MENLO PARK,1770,6000,1952,20,1836,,Sold,,,http://www.redfin.com/CA/Menlo-Park/2065-Sterling-Ave-94025/home/2032473,MLSListings,ML81849664,N,Y,37.4339622,-122.2043104
PAST SALE,March-24-2021,Single Family Residential,93 Loyola Ave,MENLO PARK,CA,94025,2170000,4,3.0,MENLO PARK,2184,4581,2016,158,994,,Sold,,,http://www.redfin.com/CA/Menlo-Park/93-Loyola-Ave-94025/home/108551309,MLSListings,ML81829562,N,Y,37.4673093,-122.2055324
PAST SALE,May-28-2021,Single Family Residential,763 San Benito Ave,Menlo Park,CA,94025,1120000,2,1.0,Menlo Park,760,2675,1957,93,1474,,Sold,,,http://www.redfin.com/CA/Menlo-Park/763-San-Benito-Ave-94025/home/1609155,BAREIS,421537080,N,Y,37.4764544,-122.1934618
PAST SALE,May-25-2021,Single Family Residential,459 Walsh Rd,ATHERTON,CA,94027,7400000,5,5.0,ATHERTON,4067,48636,1974,96,1820,,Sold,,,http://www.redfin.com/CA/Atherton/459-Walsh-Rd-94027/home/1390062,MLSListings,ML81838713,N,Y,37.4269811,-122.2220899
PAST SALE,August-23-2021,Single Family Residential,445 Walsh Rd,ATHERTON,CA,94027,5800000,4,3.5,ATHERTON,2940,41818,1965,6,1973,,Sold,,,http://www.redfin.com/CA/Atherton/445-Walsh-Rd-94027/home/1754250,MLSListings,ML81842266,N,Y,37.4277781,-122.2221785
PAST SALE,June-21-2021,Single Family Residential,910 Menlo Ave,MENLO PARK,CA,94025,3150000,4,3.0,MENLO PARK,1880,8584,2021,69,1676,,Sold,,,http://www.redfin.com/CA/Menlo-Park/910-Menlo-Ave-94025/home/174903390,MLSListings,ML81838047,N,Y,37.4486274,-122.1860088
PAST SALE,June-10-2021,Single Family Residential,137 Spruce Ave,Menlo Park,CA,94025,2100000,3,2.5,699 - Not Defined,2040,8122,1940,80,1029,,Sold,,,http://www.redfin.com/CA/Menlo-Park/137-Spruce-Ave-94025/home/850791,CRMLS,OC21092270,Y,Y,37.4602842,-122.194404
PAST SALE,,Single Family Residential,1785 Oak Ave,Menlo Park,CA,94025,7800000,5,5.0,,5174,10285,2015,,1508,,,,,http://www.redfin.com/CA/Menlo-Park/1785-Oak-Ave-94025/home/1091533,,,N,Y,37.4333064,-122.1893936
PAST SALE,June-25-2021,Single Family Residential,1140 Arbor Rd,MENLO PARK,CA,94025,13550000,5,6.0,MENLO PARK,6585,31700,1998,65,2058,,Sold,,,http://www.redfin.com/CA/Menlo-Park/1140-Arbor-Rd-94025/home/1361514,MLSListings,ML81847759,N,Y,37.4478914,-122.1892828
PAST SALE,May-13-2021,Single Family Residential,1330 Cotton St,MENLO PARK,CA,94025,4150000,4,3.0,MENLO PARK,2640,10920,1950,108,1572,,Sold,,,http://www.redfin.com/CA/Menlo-Park/1330-Cotton-St-94025/home/1845688,MLSListings,ML81832785,N,Y,37.4438328,-122.1954903
PAST SALE,June-25-2021,Single Family Residential,260 Encinal Ave,MENLO PARK,CA,94025,4720000,4,2.5,MENLO PARK,3040,9438,1967,65,1553,,Sold,,,http://www.redfin.com/CA/Menlo-Park/260-Encinal-Ave-94025/home/2017229,MLSListings,ML81844990,N,Y,37.4618458,-122.1876643
PAST SALE,August-16-2021,Single Family Residential,51 Watkins Ave,ATHERTON,CA,94027,3000000,4,2.0,ATHERTON,2400,13100,1946,13,1250,,Sold,,,http://www.redfin.com/CA/Atherton/51-Watkins-Ave-94027/home/2048813,MLSListings,ML81853458,N,Y,37.4610556,-122.1950691
PAST SALE,August-6-2021,Single Family Residential,156 Felton Dr,MENLO PARK,CA,94025,4528000,4,3.0,MENLO PARK,3250,14000,1939,23,1393,,Sold,,,http://www.redfin.com/CA/Menlo-Park/156-Felton-Dr-94025/home/1541992,MLSListings,ML81851924,N,Y,37.4635383,-122.187886
PAST SALE,,Single Family Residential,25 Sharon Ct,Menlo Park,CA,94025,3410000,3,3.0,,1899,10400,1956,,1796,,,,,http://www.redfin.com/CA/Menlo-Park/25-Sharon-Ct-94025/home/897292,,,N,Y,37.4291406,-122.1992811
PAST SALE,,Single Family Residential,2312 Olympic Ave,Menlo Park,CA,94025,4145000,4,3.0,,2847,13688,1959,,1456,,,,,http://www.redfin.com/CA/Menlo-Park/2312-Olympic-Ave-94025/home/1837489,,,N,Y,37.4257567,-122.2032049
PAST SALE,April-15-2021,Single Family Residential,2111 Harkins Ave,MENLO PARK,CA,94025,3100000,5,3.0,MENLO PARK,2100,6420,1958,136,1476,,Sold,,,http://www.redfin.com/CA/Menlo-Park/2111-Harkins-Ave-94025/home/1992179,MLSListings,ML81832863,N,Y,37.4309539,-122.2008329
PAST SALE,March-26-2021,Single Family Residential,1206 N Lemon Ave,MENLO PARK,CA,94025,4825000,4,3.5,MENLO PARK,3308,13492,2011,156,1459,,Sold,,,http://www.redfin.com/CA/Menlo-Park/1206-N-Lemon-Ave-94025/home/28473455,MLSListings,ML81828674,N,Y,37.437704,-122.198711
PAST SALE,August-13-2021,Single Family Residential,743 15th Ave,MENLO PARK,CA,94025,1735000,3,2.0,MENLO PARK,1180,5350,1964,16,1470,,Sold,,,http://www.redfin.com/CA/Menlo-Park/743-Fifteenth-Ave-94025/home/1027242,MLSListings,ML81849463,Y,Y,37.47544,-122.1919653
PAST SALE,July-30-2021,Single Family Residential,546 9th Ave,MENLO PARK,CA,94025,1990000,3,2.0,MENLO PARK,1570,9850,1924,30,1268,,Sold,,,http://www.redfin.com/CA/Menlo-Park/546-9th-Ave-94025/home/1249825,MLSListings,ML81853051,Y,Y,37.4745741,-122.1982614
PAST SALE,,Single Family Residential,30 Sharon Ct,Menlo Park,CA,94025,5995000,3,2.0,,1600,11300,1955,,3747,,,,,http://www.redfin.com/CA/Menlo-Park/30-Sharon-Ct-94025/home/897275,,,N,Y,37.4287136,-122.199392
PAST SALE,June-11-2021,Single Family Residential,2131 Harkins Ave,MENLO PARK,CA,94025,2780000,3,2.0,MENLO PARK,1360,6420,1958,79,2044,,Sold,,,http://www.redfin.com/CA/Menlo-Park/2131-Harkins-Ave-94025/home/1016790,MLSListings,ML81845315,Y,Y,37.4306618,-122.2010546
PAST SALE,June-3-2021,Single Family Residential,980 Lucky Ave,MENLO PARK,CA,94025,2340000,2,1.0,MENLO PARK,860,5170,1955,87,2721,,Sold,,,http://www.redfin.com/CA/Menlo-Park/980-Lucky-Ave-94025/home/1100841,MLSListings,ML81841277,Y,Y,37.4318136,-122.1992368
PAST SALE,June-22-2021,Single Family Residential,1930 Santa Cruz Ave,MENLO PARK,CA,94025,1775000,3,1.0,MENLO PARK,1150,5500,1946,68,1543,,Sold,,,http://www.redfin.com/CA/Menlo-Park/1930-Santa-Cruz-Ave-94025/home/1125142,MLSListings,ML81835269,N,Y,37.4344024,-122.1984831
PAST SALE,June-15-2021,Single Family Residential,2151 Oakley Ave,MENLO PARK,CA,94025,2520000,5,4.0,MENLO PARK,2079,6000,1929,75,1212,,Sold,,,http://www.redfin.com/CA/Menlo-Park/2151-Oakley-Ave-94025/home/1809726,MLSListings,ML81841934,N,Y,37.432055,-122.204633
PAST SALE,May-27-2021,Single Family Residential,1385 Delfino Way,MENLO PARK,CA,94025,3500000,4,2.0,MENLO PARK,1981,7544,1963,94,1767,,Sold,,,http://www.redfin.com/CA/Menlo-Park/1385-Delfino-Way-94025/home/1837288,MLSListings,ML81843912,N,Y,37.4381993,-122.201764
PAST SALE,May-12-2021,Single Family Residential,3122 Barney Ave,MENLO PARK,CA,94025,4400000,4,4.5,MENLO PARK,2625,5869,2021,109,1676,,Sold,,,http://www.redfin.com/CA/Menlo-Park/3122-Barney-Ave-94025/home/168639370,MLSListings,ML81843508,N,Y,37.4369581,-122.2086801
