SALE TYPE,SOLD DATE,PROPERTY TYPE,ADDRESS,CITY,STATE OR PROVINCE,ZIP OR POSTAL CODE,PRICE,BEDS,BATHS,LOCATION,SQUARE FEET,LOT SIZE,YEAR BUILT,DAYS ON MARKET,$/SQUARE FEET,HOA/MONTH,STATUS,NEXT OPEN HOUSE START TIME,NEXT OPEN HOUSE END TIME,URL (SEE https://www.redfin.com/buy-a-home/comparative-market-analysis FOR INFO ON PRICING),SOURCE,MLS#,FAVORITE,INTERESTED,LATITUDE,LONGITUDE
PAST SALE,September-2-2022,Single Family Residential,2176 University Ave,Mountain View,CA,94040,2157000,3,2.5,MOUNTAIN VIEW,1545,4255,1999,,1396,,Sold,,,https://www.redfin.com/CA/Mountain-View/2176-University-Ave-94040/home/12171570,MLSListings,ML81901784,N,Y,37.4007455,-122.1006313
PAST SALE,June-23-2022,Single Family Residential,165 N Whisman Rd,Mountain View,CA,94043,2300000,2,1.0,MOUNTAIN VIEW,1540,14883,1947,,1494,,Sold,,,https://www.redfin.com/CA/Mountain-View/165-N-Whisman-Rd-94043/home/626066,MLSListings,ML81892958,N,Y,37.3927936,-122.0609509
PAST SALE,December-15-2022,Single Family Residential,859 Runningwood Cir,Mountain View,CA,94040,1705000,2,2.0,MOUNTAIN VIEW,1497,5480,1977,,1139,270,Sold,,,https://www.redfin.com/CA/Mountain-View/859-Runningwood-Cir-94040/home/651012,MLSListings,ML81912137,N,Y,37.3694081,-122.0633481
PAST SALE,July-13-2022,Single Family Residential,210 Orchard Glen Ct,Mountain View,CA,94043,2180000,3,2.5,MOUNTAIN VIEW,1586,3615,1996,,1375,37,Sold,,,https://www.redfin.com/CA/Mountain-View/210-Orchard-Glen-Ct-94043/home/1561652,MLSListings,ML81891237,N,Y,37.3943553,-122.0703225
PAST SALE,August-22-2022,Single Family Residential,1830 Limetree Ln,Mountain View,CA,94040,2900000,4,2.5,MOUNTAIN VIEW,1646,8085,1957,,1762,,Sold,,,https://www.redfin.com/CA/Mountain-View/1830-Limetree-Ln-94040/home/644690,MLSListings,ML81899646,N,Y,37.3700757,-122.0953281
PAST SALE,December-5-2022,Single Family Residential,124 Azalea Dr,Mountain View,CA,94041,1706500,3,3.5,MOUNTAIN VIEW,1844,1570,2008,,925,275,Sold,,,https://www.redfin.com/CA/Mountain-View/124-Azalea-Dr-94041/home/12479010,MLSListings,ML81907495,N,Y,37.3891172,-122.0719529
PAST SALE,,Single Family Residential,739 Arroyo Rd,Los Altos,CA,94024,5800000,4,3.5,,3051,17500,1955,,1901,,,,,https://www.redfin.com/CA/Los-Altos/739-Arroyo-Rd-94024/home/1079355,,,N,Y,37.3821861,-122.0944184
PAST SALE,,Single Family Residential,235 Palo Alto Ave,Mountain View,CA,94041,2030000,2,1.0,,1118,7254,1940,,1816,,,,,https://www.redfin.com/CA/Mountain-View/235-Palo-Alto-Ave-94041/home/868395,,,N,Y,37.3958689,-122.085764
PAST SALE,,Single Family Residential,116 Savannah Loop,Mountain View,CA,94043,2200000,4,3.5,,1840,1262,2014,,1196,,,,,https://www.redfin.com/CA/Mountain-View/116-Savannah-Loop-94043/home/95956878,,,N,Y,37.3934373,-122.0670437
PAST SALE,,Single Family Residential,1243 Townsend Ter,Sunnyvale,CA,94087,2100000,4,3.0,,1878,4519,1995,,1118,,,,,https://www.redfin.com/CA/Sunnyvale/1243-Townsend-Ter-94087/home/1114815,,,N,Y,37.3539605,-122.0608177
PAST SALE,,Single Family Residential,1180 Marilyn Dr,Mountain View,CA,94040,3190000,3,2.0,,1992,6836,1954,,1601,,,,,https://www.redfin.com/CA/Mountain-View/1180-Marilyn-Dr-94040/home/1096107,,,N,Y,37.381239,-122.0924656
PAST SALE,September-27-2022,Single Family Residential,314 Wildflower Park Ln,Mountain View,CA,94043,1500000,3,3.0,MOUNTAIN VIEW,1755,4378,1988,,855,115,Sold,,,https://www.redfin.com/CA/Mountain-View/314-Wildflower-Park-Ln-94043/home/1280084,MLSListings,ML81908638,N,Y,37.398851,-122.0772942
PAST SALE,March-21-2022,Single Family Residential,367 Whitclem Pl,Palo Alto,CA,94306,4150000,4,2.0,PALO ALTO,1537,13939,1951,,2700,,Sold,,,https://www.redfin.com/CA/Palo-Alto/367-Whitclem-Pl-94306/home/2120644,MLSListings,ML81874887,N,Y,37.4102106,-122.1181589
PAST SALE,April-22-2022,Single Family Residential,161 Butano Ave,Sunnyvale,CA,94086,2208000,3,2.0,SUNNYVALE,1509,6237,1966,,1463,,Sold,,,https://www.redfin.com/CA/Sunnyvale/161-Butano-Ave-94086/home/627593,MLSListings,ML81883090,N,Y,37.3827955,-122.0526934
PAST SALE,September-2-2022,Single Family Residential,54 Annie Laurie St,Mountain View,CA,94043,1657500,4,2.0,MOUNTAIN VIEW,1692,7020,1959,,980,,Sold,,,https://www.redfin.com/CA/Mountain-View/54-Annie-Laurie-St-94043/home/620835,MLSListings,ML81901168,N,Y,37.4036544,-122.0611317
PAST SALE,,Single Family Residential,471 Loreto St,Mountain View,CA,94041,3590000,5,3.5,,2453,7800,1925,,1464,,,,,https://www.redfin.com/CA/Mountain-View/471-Loreto-St-94041/home/621112,,,N,Y,37.3900904,-122.0768425
PAST SALE,June-15-2022,Single Family Residential,452 Pettis Ave,Mountain View,CA,94041,4558400,5,3.5,MOUNTAIN VIEW,2570,6600,2014,,1774,,Sold,,,https://www.redfin.com/CA/Mountain-View/452-Pettis-Ave-94041/home/991432,MLSListings,ML81896260,N,Y,37.3938386,-122.0890039
PAST SALE,,Single Family Residential,1238 Brookdale Ave,Mountain View,CA,94040,3500000,4,4.0,,3160,10272,1949,,1108,,,,,https://www.redfin.com/CA/Mountain-View/1238-Brookdale-Ave-94040/home/1525414,,,N,Y,37.3797962,-122.090291
PAST SALE,July-25-2022,Single Family Residential,1395 Cuernavaca Circulo,Mountain View,CA,94040,2450000,3,3.0,MOUNTAIN VIEW,2022,4255,1985,,1212,310,Sold,,,https://www.redfin.com/CA/Mountain-View/1395-Cuernavaca-Circulo-94040/home/810498,MLSListings,ML81901551,N,Y,37.3724599,-122.063824
PAST SALE,,Single Family Residential,295 Carmelita Dr,Mountain View,CA,94040,4650000,6,5.0,,3317,8911,2012,,1402,,,,,https://www.redfin.com/CA/Mountain-View/295-Carmelita-Dr-94040/home/650346,,,N,Y,37.3755797,-122.0728476
PAST SALE,January-17-2022,Single Family Residential,179 Fair Oaks Ave,Mountain View,CA,94040,1950000,2,1.0,MOUNTAIN VIEW,1325,5461,1960,,1472,,Sold,,,https://www.redfin.com/CA/Mountain-View/179-Fair-Oaks-Ave-94040/home/12171538,MLSListings,ML81874738,N,Y,37.4018539,-122.0991375
PAST SALE,,Single Family Residential,748 Raymundo Ave,Los Altos,CA,94024,4080000,4,1.0,,2080,17754,1948,,1962,,,,,https://www.redfin.com/CA/Los-Altos/748-Raymundo-Ave-94024/home/1164838,,,N,Y,37.3827825,-122.0939967
PAST SALE,,Single Family Residential,314 Lavender Dr,Mountain View,CA,94041,2180000,3,3.0,,1839,1469,2008,,1185,,,,,https://www.redfin.com/CA/Mountain-View/314-Lavender-Dr-94041/home/22742373,,,N,Y,37.388636,-122.0721929
PAST SALE,August-8-2022,Single Family Residential,2132 Garden Ter,Mountain View,CA,94040,2550000,4,2.5,MOUNTAIN VIEW,2089,9319,1974,,1221,,Sold,,,https://www.redfin.com/CA/Mountain-View/2132-Garden-Ter-94040/home/648996,MLSListings,ML81898199,N,Y,37.373098,-122.0774709
PAST SALE,October-27-2022,Single Family Residential,2713 Eden Ln,Mountain View,CA,94040,4368000,5,3.5,MOUNTAIN VIEW,2925,8305,2011,,1493,60,Sold,,,https://www.redfin.com/CA/Mountain-View/2713-Eden-Ln-94040/home/41395788,MLSListings,ML81907848,N,Y,37.3648544,-122.0743884
PAST SALE,May-20-2022,Single Family Residential,573 Palo Alto Ave,Mountain View,CA,94041,3000000,3,1.0,MOUNTAIN VIEW,1545,7731,1920,,1942,,Sold,,,https://www.redfin.com/CA/Mountain-View/573-Palo-Alto-Ave-94041/home/1666637,MLSListings,ML81885620,N,Y,37.3917146,-122.0883382
PAST SALE,July-15-2022,Single Family Residential,2145 Creeden Way,Mountain View,CA,94040,2350000,3,2.0,MOUNTAIN VIEW,1327,5670,1952,,1771,,Sold,,,https://www.redfin.com/CA/Mountain-View/2145-Creeden-Way-94040/home/1439645,MLSListings,ML81899070,N,Y,37.3891433,-122.1048915
PAST SALE,,Single Family Residential,2110 California St,Mountain View,CA,94040,2000000,4,3.0,,1790,2693,1996,,1117,,,,,https://www.redfin.com/CA/Mountain-View/2110-California-St-94040/home/2121429,,,N,Y,37.3994146,-122.1003207
PAST SALE,July-26-2022,Single Family Residential,2300 Jane Ln,Mountain View,CA,94043-2723,1800000,4,2.0,Manor,1076,6000,1955,,1673,,Sold,,,https://www.redfin.com/CA/Mountain-View/2300-Jane-Ln-94043/home/1510580,"bridgeMLS, Bay East AOR, or Contra Costa AOR",40997620,N,Y,37.4087457,-122.0944395
PAST SALE,June-30-2022,Single Family Residential,2702 Doverton Sq,Mountain View,CA,94040,2900000,4,2.5,MOUNTAIN VIEW,1963,8100,1964,,1477,,Sold,,,https://www.redfin.com/CA/Mountain-View/2702-Doverton-Sq-94040/home/1009699,MLSListings,ML81893761,N,Y,37.3656325,-122.0693853
PAST SALE,May-2-2022,Single Family Residential,911 Boranda Ave Unit A,Mountain View,CA,94040,1210000,2,1.0,MOUNTAIN VIEW,528,3237,1900,,2292,,Sold,,,https://www.redfin.com/CA/Mountain-View/911-Boranda-Ave-94040/unit-A/home/564556,MLSListings,ML81883972,N,Y,37.3838121,-122.0813699
PAST SALE,October-24-2022,Single Family Residential,543 Bush St,Mountain View,CA,94041,3100000,3,2.0,MOUNTAIN VIEW,1535,6879,1936,,2020,,Sold,,,https://www.redfin.com/CA/Mountain-View/543-Bush-St-94041/home/1222975,MLSListings,ML81908110,N,Y,37.3878497,-122.0781741
PAST SALE,March-22-2022,Single Family Residential,756 Calderon Ave,Mountain View,CA,94041,4337500,6,4.5,MOUNTAIN VIEW,2973,7500,2022,,1459,,Sold,,,https://www.redfin.com/CA/Mountain-View/756-Calderon-Ave-94041/home/1561553,MLSListings,ML81878662,N,Y,37.3844452,-122.0765663
PAST SALE,April-15-2022,Single Family Residential,436 Dell Ave,Mountain View,CA,94043,2600000,3,2.0,Manor,1216,4947,1955,,2138,,Sold,,,https://www.redfin.com/CA/Mountain-View/436-Dell-Ave-94043/home/1526930,"bridgeMLS, Bay East AOR, or Contra Costa AOR",40984377,N,Y,37.4107499,-122.1016545
PAST SALE,March-14-2022,Single Family Residential,4360 Silva Ct,Palo Alto,CA,94306,4600000,4,4.5,PALO ALTO,2752,11610,2013,,1672,,Sold,,,https://www.redfin.com/CA/Palo-Alto/4360-Silva-Ct-94306/home/2120560,MLSListings,ML81878674,N,Y,37.4077596,-122.115297
PAST SALE,August-5-2022,Single Family Residential,237 Houghton St,Mountain View,CA,94041,2425000,3,2.5,MOUNTAIN VIEW,1432,3038,1995,,1693,,Sold,,,https://www.redfin.com/CA/Mountain-View/237-Houghton-St-94041/home/907543,MLSListings,ML81894173,N,Y,37.3909731,-122.0746676
PAST SALE,August-22-2022,Single Family Residential,1646 Begen Ave,Mountain View,CA,94040,2780000,3,2.0,MOUNTAIN VIEW,1705,6000,1955,,1630,,Sold,,,https://www.redfin.com/CA/Mountain-View/1646-Begen-Ave-94040/home/1527826,MLSListings,ML81898878,N,Y,37.3758335,-122.0854089
PAST SALE,October-13-2022,Single Family Residential,160 Calderon Ave,Mountain View,CA,94041,2600000,4,3.5,MOUNTAIN VIEW,2439,3005,2012,,1066,142,Sold,,,https://www.redfin.com/CA/Mountain-View/160-Calderon-Ave-94041/home/52671758,MLSListings,ML81901007,N,Y,37.3916564,-122.072052
PAST SALE,March-23-2022,Single Family Residential,1160 Carlos Privada,Mountain View,CA,94040,2900000,4,2.5,MOUNTAIN VIEW,2249,5101,1986,,1289,310,Sold,,,https://www.redfin.com/CA/Mountain-View/1160-Carlos-Privada-94040/home/649491,MLSListings,ML81879637,N,Y,37.372477,-122.063578
PAST SALE,May-4-2022,Single Family Residential,1272 Lane Ave,Mountain View,CA,94040,3100000,3,2.0,MOUNTAIN VIEW,1450,10188,1947,,2138,,Sold,,,https://www.redfin.com/CA/Mountain-View/1272-Lane-Ave-94040/home/1696893,MLSListings,ML81883373,N,Y,37.3827959,-122.0837223
PAST SALE,March-4-2022,Single Family Residential,190 Levin Ave,Mountain View,CA,94040,4350000,4,3.0,MOUNTAIN VIEW,2590,7952,2011,,1680,54,Sold,,,https://www.redfin.com/CA/Mountain-View/190-Levin-Ave-94040/home/41395776,MLSListings,ML81875793,N,Y,37.3653308,-122.0767143
PAST SALE,,Single Family Residential,126 Plum Ct,Mountain View,CA,94043,2578000,4,3.0,,1847,3018,2000,,1396,,,,,https://www.redfin.com/CA/Mountain-View/126-Plum-Ct-94043/home/1773938,,,N,Y,37.3940417,-122.0720646
PAST SALE,April-27-2022,Single Family Residential,1106 Blue Lake Sq,Mountain View,CA,94040,3357000,4,2.5,MOUNTAIN VIEW,2234,4649,1973,,1503,300,Sold,,,https://www.redfin.com/CA/Mountain-View/1106-Blue-Lake-Sq-94040/home/1748415,MLSListings,ML81884767,N,Y,37.3580419,-122.0695658
PAST SALE,February-25-2022,Single Family Residential,13115 Franklin Ave,Mountain View,CA,94040,3650000,3,2.0,MOUNTAIN VIEW,1859,10775,1955,,1963,,Sold,,,https://www.redfin.com/CA/Mountain-View/13115-Franklin-Ave-94040/home/649690,MLSListings,ML81874197,N,Y,37.3687003,-122.0686085
PAST SALE,March-30-2022,Single Family Residential,1268 Susan Way,Sunnyvale,CA,94087,2520000,3,1.0,SUNNYVALE,1065,6119,1952,,2366,,Sold,,,https://www.redfin.com/CA/Sunnyvale/1268-Susan-Way-94087/home/1379248,MLSListings,ML81879874,N,Y,37.3684144,-122.0605513
PAST SALE,February-28-2022,Single Family Residential,452 Nicholas Dr,Mountain View,CA,94043,2350000,3,2.5,MOUNTAIN VIEW,1728,3161,1998,,1360,193,Sold,,,https://www.redfin.com/CA/Mountain-View/452-Nicholas-Dr-94043/home/1704992,MLSListings,ML81874928,N,Y,37.3887912,-122.0585536
PAST SALE,October-25-2022,Single Family Residential,879 San Ardo Way,Mountain View,CA,94043,1601485,4,2.0,MOUNTAIN VIEW,1420,6462,1962,,1128,,Sold,,,https://www.redfin.com/CA/Mountain-View/879-San-Ardo-Way-94043/home/1748823,MLSListings,ML81906839,N,Y,37.4057904,-122.0745384
PAST SALE,February-10-2022,Single Family Residential,102 Concord Cir,Mountain View,CA,94040,1900000,3,2.5,Mountain View,1290,1507,1994,,1473,77,Sold,,,https://www.redfin.com/CA/Mountain-View/102-Concord-Cir-94040/home/2121360,MetroList,222005815,N,Y,37.4048403,-122.105901
PAST SALE,August-16-2022,Single Family Residential,1612 Don Ct,Mountain View,CA,94040,2850000,3,2.0,MOUNTAIN VIEW,1312,8970,1954,,2172,,Sold,,,https://www.redfin.com/CA/Mountain-View/1612-Don-Ct-94040/home/659753,MLSListings,ML81901118,N,Y,37.3876539,-122.0948178
PAST SALE,June-9-2022,Single Family Residential,989 Lane Ave,Mountain View,CA,94040,3985625,4,3.0,MOUNTAIN VIEW,2258,9583,2013,,1765,,Sold,,,https://www.redfin.com/CA/Mountain-View/989-Lane-Ave-94040/home/95954994,MLSListings,ML81892483,N,Y,37.3834329,-122.082746
PAST SALE,July-11-2022,Single Family Residential,1179 Nilda Ave,Mountain View,CA,94040,3700000,3,2.0,MOUNTAIN VIEW,2006,5406,1952,,1844,,Sold,,,https://www.redfin.com/CA/Mountain-View/1179-Nilda-Ave-94040/home/1115688,MLSListings,ML81894464,N,Y,37.3797518,-122.0791506
PAST SALE,March-16-2022,Single Family Residential,1442 Meadow Ln,Mountain View,CA,94040,3790000,3,2.0,MOUNTAIN VIEW,1621,6902,1953,,2338,,Sold,,,https://www.redfin.com/CA/Mountain-View/1442-Meadow-Ln-94040/home/1589745,MLSListings,ML81880733,N,Y,37.3800021,-122.0930204
PAST SALE,April-27-2022,Single Family Residential,755 Arroyo Rd,Los Altos,CA,94024,5900000,6,5.0,LOS ALTOS,3700,17822,1951,,1595,,Sold,,,https://www.redfin.com/CA/Los-Altos/755-Arroyo-Rd-94024/home/659731,MLSListings,ML81883178,N,Y,37.3821879,-122.0937305
PAST SALE,October-3-2022,Single Family Residential,2132 Stanford Ave,Mountain View,CA,94040,1300000,3,2.0,MOUNTAIN VIEW,942,3608,1961,,1380,,Sold,,,https://www.redfin.com/CA/Mountain-View/2132-Stanford-Ave-94040/home/2120630,MLSListings,ML81905740,N,Y,37.4017763,-122.0989291
PAST SALE,February-22-2022,Single Family Residential,814 Bourbon Ct,Mountain View,CA,94041,2225000,3,2.0,MOUNTAIN VIEW,1774,9908,1978,,1254,65,Sold,,,https://www.redfin.com/CA/Mountain-View/814-Bourbon-Ct-94041/home/1462141,MLSListings,ML81874377,N,Y,37.3786348,-122.0659672
PAST SALE,April-14-2022,Single Family Residential,1652 Begen Ave,Mountain View,CA,94040,4500000,4,3.5,MOUNTAIN VIEW,3148,6500,2017,,1429,,Sold,,,https://www.redfin.com/CA/Mountain-View/1652-Begen-Ave-94040/home/1439873,MLSListings,ML81880447,N,Y,37.3756459,-122.0854089
PAST SALE,September-9-2022,Single Family Residential,279 College Ave,Mountain View,CA,94040,2200000,3,2.5,MOUNTAIN VIEW,1569,3907,2016,,1402,,Sold,,,https://www.redfin.com/CA/Mountain-View/279-College-Ave-94040/home/95956320,MLSListings,ML81902729,N,Y,37.4010443,-122.1007298
PAST SALE,March-18-2022,Single Family Residential,1928 Limetree Ln,Mountain View,CA,94040,3925000,3,2.5,MOUNTAIN VIEW,2112,7828,1963,,1858,,Sold,,,https://www.redfin.com/CA/Mountain-View/1928-Limetree-Ln-94040/home/1275458,MLSListings,ML81877786,N,Y,37.3674857,-122.0953947
PAST SALE,June-3-2022,Single Family Residential,837 Runningwood Cir,Mountain View,CA,94040,2408000,3,2.0,MOUNTAIN VIEW,1801,5890,1977,,1337,250,Sold,,,https://www.redfin.com/CA/Mountain-View/837-Runningwood-Cir-94040/home/650977,MLSListings,ML81891056,N,Y,37.3706143,-122.0630817
PAST SALE,March-30-2022,Single Family Residential,451 Palo Alto Ave,Mountain View,CA,94041,3407000,4,2.0,MOUNTAIN VIEW,1876,7840,2006,,1816,,Sold,,,https://www.redfin.com/CA/Mountain-View/451-Palo-Alto-Ave-94041/home/617624,MLSListings,ML81858439,Y,Y,37.3932102,-122.0873617
PAST SALE,May-18-2022,Single Family Residential,595 Mountain View Ave,Mountain View,CA,94041,2456000,3,2.0,MOUNTAIN VIEW,1196,5094,1925,,2054,,Sold,,,https://www.redfin.com/CA/Mountain-View/595-Mountain-View-Ave-94041/home/1558111,MLSListings,ML81887961,N,Y,37.3910349,-122.0873617
PAST SALE,,Single Family Residential,818 Bourbon Ct,Mountain View,CA,94041,1980000,2,2.0,,1592,5637,1978,,1244,,,,,https://www.redfin.com/CA/Mountain-View/818-Bourbon-Ct-94041/home/624679,,,N,Y,37.3784909,-122.0657497
PAST SALE,December-5-2022,Single Family Residential,1490 Gretel Ln,Mountain View,CA,94040,2280000,3,2.0,MOUNTAIN VIEW,1248,6231,1955,,1827,,Sold,,,https://www.redfin.com/CA/Mountain-View/1490-Gretel-Ln-94040/home/646623,MLSListings,ML81912037,N,Y,37.3760673,-122.0789287
PAST SALE,August-18-2022,Single Family Residential,1390 Miravalle Ave,Los Altos,CA,94024,3310000,3,1.0,LOS ALTOS,1192,13466,1947,,2777,,Sold,,,https://www.redfin.com/CA/Los-Altos/1390-Miravalle-Ave-94024/home/685365,MLSListings,ML81902693,N,Y,37.3583078,-122.0752446
PAST SALE,,Single Family Residential,177 Villa Nueva Ct,Mountain View,CA,94040,4025000,4,3.0,,2320,11020,1955,,1735,,,,,https://www.redfin.com/CA/Mountain-View/177-Villa-Nueva-Ct-94040/home/1057610,,,N,Y,37.3688854,-122.0754443
PAST SALE,February-2-2022,Single Family Residential,714 Sunshine Dr,Los Altos,CA,94024,4695000,4,2.5,LOS ALTOS,2738,12792,1994,,1715,,Sold,,,https://www.redfin.com/CA/Los-Altos/714-Sunshine-Dr-94024/home/729538,MLSListings,ML81874944,N,Y,37.3789501,-122.0955057
PAST SALE,May-20-2022,Single Family Residential,676 Hollingsworth Dr,Los Altos,CA,94022,6501000,5,4.0,LOS ALTOS,3733,13330,2011,,1741,,Sold,,,https://www.redfin.com/CA/Los-Altos/676-Hollingsworth-Dr-94022/home/1254712,MLSListings,ML81885657,N,Y,37.3879456,-122.0970145
PAST SALE,February-17-2022,Single Family Residential,2440 Elka Ave,Mountain View,CA,94043,2520000,3,2.0,MOUNTAIN VIEW,1140,6464,1959,,2211,,Sold,,,https://www.redfin.com/CA/Mountain-View/2440-Elka-Ave-94043/home/1090911,MLSListings,ML81874456,N,Y,37.4101363,-122.0998325
PAST SALE,March-10-2022,Single Family Residential,456 N Whisman Rd,Mountain View,CA,94043,1550888,2,1.0,MOUNTAIN VIEW,835,4156,1958,,1857,,Sold,,,https://www.redfin.com/CA/Mountain-View/456-N-Whisman-Rd-94043/home/621820,MLSListings,ML81877791,N,Y,37.4008734,-122.0585562
PAST SALE,April-29-2022,Single Family Residential,466 S Springer Rd,Los Altos,CA,94024,4500000,5,3.0,LOS ALTOS,2244,10460,1946,,2005,,Sold,,,https://www.redfin.com/CA/Los-Altos/466-Springer-Rd-94024/home/1174468,MLSListings,ML81882537,N,Y,37.3745821,-122.0963045
PAST SALE,May-6-2022,Single Family Residential,949 Rincon St,Mountain View,CA,94040,2950000,4,2.5,MOUNTAIN VIEW,2173,2084,2009,,1358,89,Sold,,,https://www.redfin.com/CA/Mountain-View/949-Rincon-St-94040/home/23044949,MLSListings,ML81884817,N,Y,37.3839074,-122.0886044
PAST SALE,March-16-2022,Single Family Residential,2576 Westford Way,Mountain View,CA,94040,4168000,4,2.5,MOUNTAIN VIEW,2340,8368,1966,,1781,,Sold,,,https://www.redfin.com/CA/Mountain-View/2576-Westford-Way-94040/home/964162,MLSListings,ML81877597,N,Y,37.3662704,-122.0693853
PAST SALE,April-1-2022,Single Family Residential,1709 Peartree Ln,Mountain View,CA,94040,3200000,3,2.0,MOUNTAIN VIEW,1524,6914,1954,,2100,,Sold,,,https://www.redfin.com/CA/Mountain-View/1709-Peartree-Ln-94040/home/1654063,MLSListings,ML81879573,N,Y,37.3731085,-122.0895809
PAST SALE,February-22-2022,Single Family Residential,212 Orchard Glen Ct,Mountain View,CA,94043,2750000,3,2.5,MOUNTAIN VIEW,1586,4344,1996,,1734,33,Sold,,,https://www.redfin.com/CA/Mountain-View/212-Orchard-Glen-Ct-94043/home/621881,MLSListings,ML81875077,N,Y,37.3944792,-122.0704111
PAST SALE,October-31-2022,Single Family Residential,1857 Peacock Ave,Mountain View,CA,94043,2685000,3,2.0,MOUNTAIN VIEW,1553,6046,1950,,1729,,Sold,,,https://www.redfin.com/CA/Mountain-View/1857-Peacock-Ave-94043/home/1350044,MLSListings,ML81908160,N,Y,37.4035536,-122.088316
PAST SALE,January-31-2022,Single Family Residential,208 Bentley Sq,Mountain View,CA,94040,2830000,3,2.0,MOUNTAIN VIEW,1712,5083,1978,,1653,315,Sold,,,https://www.redfin.com/CA/Mountain-View/208-Bentley-Sq-94040/home/649302,MLSListings,ML81871672,N,Y,37.3766812,-122.0728033
PAST SALE,April-5-2022,Single Family Residential,2518 Mardell Way,Mountain View,CA,94043,2718000,4,2.0,MOUNTAIN VIEW,1216,5257,1958,,2235,,Sold,,,https://www.redfin.com/CA/Mountain-View/2518-Mardell-Way-94043/home/1178646,MLSListings,ML81880711,N,Y,37.4121665,-122.1032288
PAST SALE,May-4-2022,Single Family Residential,141 Bonny St,Mountain View,CA,94043,2400000,4,3.0,MOUNTAIN VIEW,1806,8963,1950,,1329,,Sold,,,https://www.redfin.com/CA/Mountain-View/141-Bonny-St-94043/home/1006267,MLSListings,ML81885869,N,Y,37.4005724,-122.0894561
PAST SALE,July-29-2022,Single Family Residential,665 Sierra Ave,Mountain View,CA,94041,2400000,3,2.0,MOUNTAIN VIEW,2196,5100,1947,,1093,,Sold,,,https://www.redfin.com/CA/Mountain-View/665-Sierra-Ave-94041/home/729007,MLSListings,ML81897574,N,Y,37.3868296,-122.0815475
PAST SALE,March-4-2022,Single Family Residential,1494 Ernestine Ln,Mountain View,CA,94040,3530000,4,2.0,MOUNTAIN VIEW,1945,5282,1953,,1815,,Sold,,,https://www.redfin.com/CA/Mountain-View/1494-Ernestine-Ln-94040/home/814142,MLSListings,ML81877707,N,Y,37.3865231,-122.0932867
PAST SALE,July-5-2022,Single Family Residential,1563 Gilmore St,Mountain View,CA,94040,3000000,3,2.0,MOUNTAIN VIEW,1306,4929,1954,,2297,,Sold,,,https://www.redfin.com/CA/Mountain-View/1563-Gilmore-St-94040/home/1463687,MLSListings,ML81894438,N,Y,37.3847904,-122.0942408
PAST SALE,February-18-2022,Single Family Residential,355 Solana Dr,Los Altos,CA,94022,4800000,2,1.5,LOS ALTOS,1812,14963,1947,,2649,,Sold,,,https://www.redfin.com/CA/Los-Altos/355-Solana-Dr-94022/home/1500030,MLSListings,ML81875409,N,Y,37.3875924,-122.1031386
PAST SALE,May-6-2022,Single Family Residential,627 Pettis Ave,Mountain View,CA,94041,2750000,3,2.0,MOUNTAIN VIEW,1354,7623,1956,,2031,,Sold,,,https://www.redfin.com/CA/Mountain-View/627-Pettis-Ave-94041/home/1350155,MLSListings,ML81884589,N,Y,37.3913947,-122.0898915
PAST SALE,April-8-2022,Single Family Residential,935 Damian Way,Los Altos,CA,94024,4900000,4,3.0,LOS ALTOS,2510,10234,1976,,1952,,Sold,,,https://www.redfin.com/CA/Los-Altos/935-Damian-Way-94024/home/648805,MLSListings,ML81881476,N,Y,37.3656398,-122.0787956
PAST SALE,April-29-2022,Single Family Residential,1141 Robin Way,Sunnyvale,CA,94087,3410000,4,2.0,SUNNYVALE,2031,12307,1963,,1679,,Sold,,,https://www.redfin.com/CA/Sunnyvale/1141-Robin-Way-94087/home/1659951,MLSListings,ML81883598,N,Y,37.3574286,-122.0604487
PAST SALE,March-17-2022,Single Family Residential,736 Lola Ln,Mountain View,CA,94040,2820000,3,2.0,MOUNTAIN VIEW,1178,6465,1955,,2394,,Sold,,,https://www.redfin.com/CA/Mountain-View/736-Lola-Ln-94040/home/1223454,MLSListings,ML81879367,N,Y,37.3754377,-122.0839886
PAST SALE,March-11-2022,Single Family Residential,766 Luce Ct,Mountain View,CA,94041,2780000,5,4.0,MOUNTAIN VIEW,2497,12058,1967,,1113,,Sold,,,https://www.redfin.com/CA/Mountain-View/766-Luce-Ct-94041/home/1275036,MLSListings,ML81876755,N,Y,37.3781946,-122.0642581
PAST SALE,,Single Family Residential,861 Runningwood Cir,Mountain View,CA,94040,2050000,2,2.0,,1609,6635,1977,,1274,,,,,https://www.redfin.com/CA/Mountain-View/861-Runningwood-Cir-94040/home/1786022,,,N,Y,37.3693375,-122.0630961
PAST SALE,February-24-2022,Single Family Residential,819 Leong Dr,Mountain View,CA,94043,1688000,3,1.0,MOUNTAIN VIEW,1124,7133,1954,,1502,,Sold,,,https://www.redfin.com/CA/Mountain-View/819-Leong-Dr-94043/home/1446969,MLSListings,ML81874891,N,Y,37.4055504,-122.0656573
PAST SALE,,Single Family Residential,557 Casita Way,Los Altos,CA,94022,4000000,4,4.0,,2673,10871,1952,,1496,,,,,https://www.redfin.com/CA/Los-Altos/557-Casita-Way-94022/home/632731,,,N,Y,37.3914494,-122.1052021
PAST SALE,,Single Family Residential,201 Monroe Dr,Mountain View,CA,94040,3550000,3,2.0,,1390,12321,1951,,2554,,,,,https://www.redfin.com/CA/Mountain-View/201-Monroe-Dr-94040/home/2121121,,,N,Y,37.4093328,-122.1153636
PAST SALE,February-22-2022,Single Family Residential,1796 Elsie Ave,Mountain View,CA,94043,2100000,3,2.0,MOUNTAIN VIEW,1346,5400,1950,,1560,,Sold,,,https://www.redfin.com/CA/Mountain-View/1796-Elsie-Ave-94043/home/1471151,MLSListings,ML81875760,N,Y,37.4051956,-122.0872815
PAST SALE,April-14-2022,Single Family Residential,878 San Simeon Dr,Mountain View,CA,94043,1805000,3,2.0,MOUNTAIN VIEW,1022,7025,1962,,1766,,Sold,,,https://www.redfin.com/CA/Mountain-View/878-San-Simeon-Dr-94043/home/1422317,MLSListings,ML81880902,N,Y,37.4056463,-122.0742681
PAST SALE,July-8-2022,Single Family Residential,754 Leona Ln,Mountain View,CA,94040,2800000,3,2.0,MOUNTAIN VIEW,1178,6161,1955,,2377,,Sold,,,https://www.redfin.com/CA/Mountain-View/754-Leona-Ln-94040/home/648399,MLSListings,ML81894229,N,Y,37.3746459,-122.0842575
PAST SALE,February-16-2022,Single Family Residential,455 Yosemite Ave,Mountain View,CA,94041,2610000,3,1.0,MOUNTAIN VIEW,1200,5378,1946,,2175,,Sold,,,https://www.redfin.com/CA/Mountain-View/455-Yosemite-Ave-94041/home/1591229,MLSListings,ML81873293,Y,Y,37.3849682,-122.0794184
PAST SALE,July-18-2022,Single Family Residential,760 Lola Ln,Mountain View,CA,94040,2500000,4,2.5,MOUNTAIN VIEW,1562,6363,1955,,1601,,Sold,,,https://www.redfin.com/CA/Mountain-View/760-Lola-Ln-94040/home/1103012,MLSListings,ML81896272,N,Y,37.3753393,-122.0845757
PAST SALE,April-1-2022,Single Family Residential,1419 Bonita Ave,Mountain View,CA,94040,4200000,4,3.0,MOUNTAIN VIEW,2131,6243,2018,,1971,,Sold,,,https://www.redfin.com/CA/Mountain-View/1419-Bonita-Ave-94040/home/1303675,MLSListings,ML81879260,N,Y,37.3768647,-122.0800414
PAST SALE,June-7-2022,Single Family Residential,208 Orchard Glen Ct,Mountain View,CA,94043,1951000,2,2.5,MOUNTAIN VIEW,1258,2893,1996,,1551,37,Sold,,,https://www.redfin.com/CA/Mountain-View/208-Orchard-Glen-Ct-94043/home/563880,MLSListings,ML81888897,N,Y,37.394352,-122.0701782
PAST SALE,May-27-2022,Single Family Residential,751 Leona Ln,Mountain View,CA,94040,2725000,4,2.0,MOUNTAIN VIEW,1484,6266,1955,,1836,,Sold,,,https://www.redfin.com/CA/Mountain-View/751-Leona-Ln-94040/home/607982,MLSListings,ML81887700,N,Y,37.3741728,-122.0840774
PAST SALE,April-7-2022,Single Family Residential,1262 Lynn Way,Sunnyvale,CA,94087,2400000,3,1.0,SUNNYVALE,1151,5335,1952,,2085,,Sold,,,https://www.redfin.com/CA/Sunnyvale/1262-Lynn-Way-94087/home/1113394,MLSListings,ML81880784,N,Y,37.3691086,-122.0602439
PAST SALE,June-3-2022,Single Family Residential,1004 E Cardinal Dr,Sunnyvale,CA,94087,2330000,3,1.5,SUNNYVALE,1227,6000,1954,,1899,,Sold,,,https://www.redfin.com/CA/Sunnyvale/1004-E-Cardinal-Dr-94087/home/1275598,MLSListings,ML81888812,N,Y,37.3637128,-122.061084
PAST SALE,March-8-2022,Single Family Residential,450 Chiquita Ave,Mountain View,CA,94041,2715000,3,3.0,MOUNTAIN VIEW,1926,5000,2022,,1410,,Sold,,,https://www.redfin.com/CA/Mountain-View/450-Chiquita-Ave-94041/home/160979904,MLSListings,ML81875923,N,Y,37.3949267,-122.0919774
PAST SALE,September-6-2022,Single Family Residential,311 Pine Way,Mountain View,CA,94041,2410000,4,4.0,MOUNTAIN VIEW,1744,1533,2014,,1382,142,Sold,,,https://www.redfin.com/CA/Mountain-View/311-Pine-Way-94041/home/77165183,MLSListings,ML81901892,N,Y,37.3917864,-122.0731251
PAST SALE,July-29-2022,Single Family Residential,812 Fountain Park Ln,Mountain View,CA,94043,2307500,3,2.0,MOUNTAIN VIEW,1538,4290,1988,,1500,115,Sold,,,https://www.redfin.com/CA/Mountain-View/812-Fountain-Park-Ln-94043/home/615355,MLSListings,ML81897530,N,Y,37.3984368,-122.0795057
PAST SALE,June-17-2022,Single Family Residential,709 Wake Forest Dr,Mountain View,CA,94043,1510000,3,2.0,MOUNTAIN VIEW,1173,8840,1954,,1287,,Sold,,,https://www.redfin.com/CA/Mountain-View/709-Wake-Forest-Dr-94043/home/620556,MLSListings,ML81890912,N,Y,37.4032557,-122.0671658
PAST SALE,June-3-2022,Single Family Residential,798 Arroyo Rd,Los Altos,CA,94024,8400000,5,6.0,LOS ALTOS,5134,17402,2003,,1636,,Sold,,,https://www.redfin.com/CA/Los-Altos/798-Arroyo-Rd-94024/home/897220,MLSListings,ML81889030,N,Y,37.3817108,-122.0920218
PAST SALE,June-27-2022,Single Family Residential,947 Rincon St,Mountain View,CA,94040,2350000,3,2.5,MOUNTAIN VIEW,1653,2047,2009,,1422,89,Sold,,,https://www.redfin.com/CA/Mountain-View/947-Rincon-St-94040/home/23044948,MLSListings,ML81894313,N,Y,37.3839102,-122.0884713
PAST SALE,October-14-2022,Single Family Residential,129 Laurel Way,Mountain View,CA,94040,1965000,3,2.5,MOUNTAIN VIEW,1290,1683,1994,,1523,80,Sold,,,https://www.redfin.com/CA/Mountain-View/129-Laurel-Way-94040/home/2121370,MLSListings,ML81905648,N,Y,37.404727,-122.1074208
PAST SALE,March-25-2022,Single Family Residential,1807 Walnut Dr,Mountain View,CA,94040,3700000,4,3.0,MOUNTAIN VIEW,1745,7600,1955,,2120,,Sold,,,https://www.redfin.com/CA/Mountain-View/1807-Walnut-Dr-94040/home/1096179,MLSListings,ML81878488,Y,Y,37.3707649,-122.0922437
PAST SALE,July-25-2022,Single Family Residential,4058 Ben Lomond Dr,Palo Alto,CA,94306,3208000,3,2.0,PALO ALTO,1864,7131,1955,,1721,,Sold,,,https://www.redfin.com/CA/Palo-Alto/4058-Ben-Lomond-Dr-94306/home/763362,MLSListings,ML81896480,N,Y,37.4117321,-122.111836
PAST SALE,October-21-2022,Single Family Residential,2427 Villa Nueva Way,Mountain View,CA,94040,2750000,3,2.5,MOUNTAIN VIEW,1598,7361,1956,,1721,,Sold,,,https://www.redfin.com/CA/Mountain-View/2427-Villa-Nueva-Way-94040/home/814201,MLSListings,ML81907420,N,Y,37.3686452,-122.0761767
PAST SALE,March-11-2022,Single Family Residential,260 Tyrella Ave,Mountain View,CA,94043,2450000,3,1.0,MOUNTAIN VIEW,1437,8200,1947,,1705,,Sold,,,https://www.redfin.com/CA/Mountain-View/260-Tyrella-Ave-94043/home/821116,MLSListings,ML81876443,N,Y,37.3967703,-122.0657896
PAST SALE,March-28-2022,Single Family Residential,3427 Woodstock Ln,Mountain View,CA,94040,3995000,4,2.0,MOUNTAIN VIEW,2023,8425,1964,,1975,,Sold,,,https://www.redfin.com/CA/Mountain-View/3427-Woodstock-Ln-94040/home/1432661,MLSListings,ML81879129,N,Y,37.3602399,-122.0725147
PAST SALE,August-19-2022,Single Family Residential,1660 Fordham Way,Mountain View,CA,94040,3168000,3,2.0,MOUNTAIN VIEW,1624,6600,1959,,1951,,Sold,,,https://www.redfin.com/CA/Mountain-View/1660-Fordham-Way-94040/home/685115,MLSListings,ML81899591,N,Y,37.3751318,-122.0915114
PAST SALE,March-11-2022,Single Family Residential,1095 Rockefeller Dr,Sunnyvale,CA,94087,3180000,4,2.5,SUNNYVALE,2106,8179,1960,,1510,,Sold,,,https://www.redfin.com/CA/Sunnyvale/1095-Rockefeller-Dr-94087/home/564811,MLSListings,ML81876354,N,Y,37.3577353,-122.0591307
PAST SALE,September-28-2022,Single Family Residential,1508 Todd St,Mountain View,CA,94040,2866000,3,2.0,MOUNTAIN VIEW,1310,5350,1954,,2188,,Sold,,,https://www.redfin.com/CA/Mountain-View/1508-Todd-St-94040/home/564514,MLSListings,ML81904974,N,Y,37.3858508,-122.0932222
PAST SALE,May-23-2022,Single Family Residential,1521 Meadow Ln,Mountain View,CA,94040,3550000,3,2.0,MOUNTAIN VIEW,1335,8560,1954,,2659,,Sold,,,https://www.redfin.com/CA/Mountain-View/1521-Meadow-Ln-94040/home/641003,MLSListings,ML81887854,N,Y,37.3788114,-122.0925544
PAST SALE,April-4-2022,Single Family Residential,1663 Tulane Dr,Mountain View,CA,94040,2810000,3,2.0,MOUNTAIN VIEW,1204,6284,1952,,2334,,Sold,,,https://www.redfin.com/CA/Mountain-View/1663-Tulane-Dr-94040/home/1500146,MLSListings,ML81880602,Y,Y,37.3752989,-122.0876724
PAST SALE,April-8-2022,Single Family Residential,549 Sleeper Ave,Mountain View,CA,94040,4800000,4,3.5,MOUNTAIN VIEW,3186,11845,2002,,1507,,Sold,,,https://www.redfin.com/CA/Mountain-View/549-Sleeper-Ave-94040/home/1655687,MLSListings,ML81880428,N,Y,37.371098,-122.073224
PAST SALE,May-4-2022,Single Family Residential,1047 Clark Ave,Mountain View,CA,94040,2380000,3,1.0,MOUNTAIN VIEW,1006,6087,1951,,2366,,Sold,,,https://www.redfin.com/CA/Mountain-View/1047-Clark-Ave-94040/home/1277774,MLSListings,ML81885669,N,Y,37.3909689,-122.1000988
PAST SALE,May-23-2022,Single Family Residential,1792 Villa St,Mountain View,CA,94041,1860000,3,1.0,MOUNTAIN VIEW,1068,5229,1949,,1742,,Sold,,,https://www.redfin.com/CA/Mountain-View/1792-Villa-St-94041/home/1375009,MLSListings,ML81889104,N,Y,37.3985052,-122.090207
PAST SALE,September-29-2022,Single Family Residential,401 Levin Ave,Mountain View,CA,94040,4300000,5,3.5,MOUNTAIN VIEW,2852,8545,2011,,1508,60,Sold,,,https://www.redfin.com/CA/Mountain-View/401-Levin-Ave-94040/home/41395767,MLSListings,ML81905001,N,Y,37.365596,-122.074863
PAST SALE,,Single Family Residential,508 Chesley Ave,Mountain View,CA,94040,3805000,4,3.0,,2128,8554,1965,,1788,,,,,https://www.redfin.com/CA/Mountain-View/508-Chesley-Ave-94040/home/1575981,,,N,Y,37.3678778,-122.071516
PAST SALE,April-22-2022,Single Family Residential,1402 Lloyd Way,Mountain View,CA,94040,3500000,5,2.0,MOUNTAIN VIEW,2018,5623,1954,,1734,,Sold,,,https://www.redfin.com/CA/Mountain-View/1402-Lloyd-Way-94040/home/1023493,MLSListings,ML81881548,N,Y,37.3871309,-122.0917786
PAST SALE,September-15-2022,Single Family Residential,698 Willowgate St,Mountain View,CA,94043,2756000,4,3.0,MOUNTAIN VIEW,2194,5264,1997,,1256,70,Sold,,,https://www.redfin.com/CA/Mountain-View/698-Willowgate-St-94043/home/1681142,MLSListings,ML81904210,N,Y,37.3954125,-122.0746232
PAST SALE,May-13-2022,Single Family Residential,219 Carmelita Dr,Mountain View,CA,94040,5400000,6,5.5,MOUNTAIN VIEW,3544,11070,2020,,1524,,Sold,,,https://www.redfin.com/CA/Mountain-View/219-Carmelita-Dr-94040/home/1542320,MLSListings,ML81887563,N,Y,37.3760469,-122.0737032
PAST SALE,April-21-2022,Single Family Residential,506 Emmons Dr,Mountain View,CA,94043,2600000,3,2.0,MOUNTAIN VIEW,1212,5704,1954,,2145,,Sold,,,https://www.redfin.com/CA/Mountain-View/506-Emmons-Dr-94043/home/1523298,MLSListings,ML81883415,N,Y,37.4106423,-122.0971699
PAST SALE,September-23-2022,Single Family Residential,192 Centre St,Mountain View,CA,94041,2050000,2,1.0,MOUNTAIN VIEW,890,6546,1935,,2303,,Sold,,,https://www.redfin.com/CA/Mountain-View/192-Centre-St-94041/home/1222904,MLSListings,ML81904241,N,Y,37.3838488,-122.0760957
PAST SALE,June-17-2022,Single Family Residential,823 Runningwood Cir,Mountain View,CA,94040,1990000,2,2.0,MOUNTAIN VIEW,1497,5605,1977,,1329,250,Sold,,,https://www.redfin.com/CA/Mountain-View/823-Runningwood-Cir-94040/home/1317215,MLSListings,ML81891255,N,Y,37.3700328,-122.0615413
PAST SALE,July-15-2022,Single Family Residential,685 Spargur Dr,Los Altos,CA,94022,3550000,4,2.0,LOS ALTOS,1686,13400,1950,,2106,,Sold,,,https://www.redfin.com/CA/Los-Altos/685-Spargur-Dr-94022/home/1094032,MLSListings,ML81898333,N,Y,37.3875093,-122.0966807
PAST SALE,November-3-2022,Single Family Residential,635 Ehrhorn Ave,Mountain View,CA,94041,3888000,5,3.0,MOUNTAIN VIEW,2555,8647,2022,,1522,,Sold,,,https://www.redfin.com/CA/Mountain-View/635-Ehrhorn-Ave-94041/home/780119,MLSListings,ML81908818,N,Y,37.3850343,-122.0770645
PAST SALE,July-26-2022,Single Family Residential,2374 Laura Ln,Mountain View,CA,94043,2007000,4,2.0,Ca Mountain View,1550,5000,1955,,1295,,Sold,,,https://www.redfin.com/CA/Mountain-View/2374-Laura-Ln-94043/home/609558,"bridgeMLS, Bay East AOR, or Contra Costa AOR",40997631,Y,Y,37.4073635,-122.0979687
PAST SALE,September-23-2022,Single Family Residential,586 Eunice Ave,Mountain View,CA,94040,3550000,3,2.5,MOUNTAIN VIEW,2207,22651,1979,,1609,,Sold,,,https://www.redfin.com/CA/Mountain-View/586-Eunice-Ave-94040/home/1340355,MLSListings,ML81904675,N,Y,37.3699777,-122.0717805
PAST SALE,April-7-2022,Single Family Residential,290 Fair Oaks Ave,Mountain View,CA,94040,1880000,2,1.0,MOUNTAIN VIEW,1100,4255,1984,,1709,,Sold,,,https://www.redfin.com/CA/Mountain-View/290-Fair-Oaks-Ave-94040/home/2120593,MLSListings,ML81881282,N,Y,37.4006279,-122.1002763
PAST SALE,September-6-2022,Single Family Residential,621 Charmain Cir,Mountain View,CA,94041,2050000,2,2.0,MOUNTAIN VIEW,1627,4557,1986,,1260,89,Sold,,,https://www.redfin.com/CA/Mountain-View/621-Charmain-Cir-94041/home/624794,MLSListings,ML81902365,N,Y,37.3799644,-122.0608954
PAST SALE,April-22-2022,Single Family Residential,1190 Kathy Way,Mountain View,CA,94040,3425000,3,2.0,MOUNTAIN VIEW,1334,6540,1954,,2567,,Sold,,,https://www.redfin.com/CA/Mountain-View/1190-Kathy-Way-94040/home/979945,MLSListings,ML81881980,N,Y,37.3871274,-122.093087
PAST SALE,April-8-2022,Single Family Residential,125 Laurel Way,Mountain View,CA,94040,2050000,3,2.5,MOUNTAIN VIEW,1290,1587,1994,,1589,80,Sold,,,https://www.redfin.com/CA/Mountain-View/125-Laurel-Way-94040/home/12172077,MLSListings,ML81880237,N,Y,37.4046173,-122.1072877
PAST SALE,August-26-2022,Single Family Residential,935 Riverside Dr,Los Altos,CA,94024,3930125,3,2.0,LOS ALTOS,2280,13864,1952,,1724,,Sold,,,https://www.redfin.com/CA/Los-Altos/935-Riverside-Dr-94024/home/1513147,MLSListings,ML81901577,N,Y,37.3662062,-122.0973918
PAST SALE,March-8-2022,Single Family Residential,173 Creekside Dr,Palo Alto,CA,94306,3600000,4,3.0,PALO ALTO,1855,6951,1954,,1941,,Sold,,,https://www.redfin.com/CA/Palo-Alto/173-Creekside-Dr-94306/home/1716359,MLSListings,ML81875998,N,Y,37.4135712,-122.1146758
PAST SALE,January-14-2022,Single Family Residential,3563 Grant Rd,Mountain View,CA,94040,3930000,4,3.0,MOUNTAIN VIEW,2284,19602,1953,,1721,,Sold,,,https://www.redfin.com/CA/Mountain-View/3563-Grant-Rd-94040/home/648736,MLSListings,ML81871966,N,Y,37.3607636,-122.0774862
PAST SALE,August-12-2022,Single Family Residential,1166 Miramonte Ave,Los Altos,CA,94024,3600000,4,2.0,LOS ALTOS,2316,10753,1957,,1554,,Sold,,,https://www.redfin.com/CA/Los-Altos/1166-Miramonte-Ave-94024/home/642579,MLSListings,ML81897510,N,Y,37.3620175,-122.087321
PAST SALE,July-1-2022,Single Family Residential,140 Promethean Way,Mountain View,CA,94043,2100000,3,2.0,MOUNTAIN VIEW,1665,5668,1978,,1261,,Sold,,,https://www.redfin.com/CA/Mountain-View/140-Promethean-Way-94043/home/621387,MLSListings,ML81893764,N,Y,37.3936252,-122.0706336
PAST SALE,September-15-2022,Single Family Residential,1072 Petie Way,Mountain View,CA,94040,3001000,3,2.0,MOUNTAIN VIEW,1691,5527,1955,,1775,,Sold,,,https://www.redfin.com/CA/Mountain-View/1072-Petie-Way-94040/home/644831,MLSListings,ML81904137,N,Y,37.3813677,-122.0790175
PAST SALE,,Single Family Residential,481 Carmelita Dr,Mountain View,CA,94040,5300000,5,5.0,,3912,11055,2021,,1355,,,,,https://www.redfin.com/CA/Mountain-View/481-Carmelita-Dr-94040/home/649246,,,N,Y,37.3747116,-122.0724925
PAST SALE,May-11-2022,Single Family Residential,1141 W Dana St,Mountain View,CA,94041,2815000,3,2.5,MOUNTAIN VIEW,1325,5000,1928,,2125,,Sold,,,https://www.redfin.com/CA/Mountain-View/1141-W-Dana-St-94041/home/1280256,MLSListings,ML81885519,N,Y,37.3938022,-122.0835448
PAST SALE,March-11-2022,Single Family Residential,168 Villa Nueva Ct,Mountain View,CA,94040,4025000,3,3.0,MOUNTAIN VIEW,1926,7200,1955,,2090,,Sold,,,https://www.redfin.com/CA/Mountain-View/168-Villa-Nueva-Ct-94040/home/649619,MLSListings,ML81876481,N,Y,37.3693422,-122.0757329
PAST SALE,March-18-2022,Single Family Residential,858 Burgoyne St,Mountain View,CA,94043,3600000,4,3.5,MOUNTAIN VIEW,2150,6298,2020,,1674,,Sold,,,https://www.redfin.com/CA/Mountain-View/858-Burgoyne-St-94043/home/708341,MLSListings,ML81877379,N,Y,37.4059713,-122.0862744
PAST SALE,February-28-2022,Single Family Residential,1523 Miramonte Ave,Mountain View,CA,94040,2325000,4,2.5,MOUNTAIN VIEW,1562,6824,1955,,1488,,Sold,,,https://www.redfin.com/CA/Mountain-View/1523-Miramonte-Ave-94040/home/645069,MLSListings,ML81877115,N,Y,37.3779008,-122.0866536
PAST SALE,March-22-2022,Single Family Residential,2436 Laura Ln,Mountain View,CA,94043,2600000,3,2.0,MOUNTAIN VIEW,1434,5596,1955,,1813,,Sold,,,https://www.redfin.com/CA/Mountain-View/2436-Laura-Ln-94043/home/1561311,MLSListings,ML81878496,N,Y,37.4082907,-122.1002319
PAST SALE,July-11-2022,Single Family Residential,1540 Awalt Ct,Los Altos,CA,94024,3750000,4,2.5,LOS ALTOS,2248,10530,1966,,1668,,Sold,,,https://www.redfin.com/CA/Los-Altos/1540-Awalt-Ct-94024/home/647820,MLSListings,ML81894028,N,Y,37.3558326,-122.0696516
PAST SALE,July-15-2022,Single Family Residential,1930 Cappelletti Ct,Mountain View,CA,94043,2155000,4,3.0,MOUNTAIN VIEW,1697,4576,2006,,1270,120,Sold,,,https://www.redfin.com/CA/Mountain-View/1930-Cappelletti-Ct-94043/home/12181268,MLSListings,ML81896001,N,Y,37.404996,-122.0916668
PAST SALE,July-5-2022,Single Family Residential,1731 Begen Ave,Mountain View,CA,94040,3350000,3,2.5,MOUNTAIN VIEW,1842,4940,2017,,1819,,Sold,,,https://www.redfin.com/CA/Mountain-View/1731-Begen-Ave-94040/home/648462,MLSListings,ML81896147,N,Y,37.3725751,-122.0851426
PAST SALE,May-5-2022,Single Family Residential,629 Charmain Cir,Mountain View,CA,94041,3055000,3,2.5,MOUNTAIN VIEW,2048,4557,1986,,1492,89,Sold,,,https://www.redfin.com/CA/Mountain-View/629-Charmain-Cir-94041/home/624798,MLSListings,ML81885316,N,Y,37.3798949,-122.0606179
PAST SALE,September-30-2022,Single Family Residential,1260 Heatherstone Way,Sunnyvale,CA,94087,1980000,3,1.5,SUNNYVALE,1078,6133,1953,,1837,,Sold,,,https://www.redfin.com/CA/Sunnyvale/1260-Heatherstone-Way-94087/home/1179782,MLSListings,ML81903800,N,Y,37.3676264,-122.0605513
PAST SALE,June-9-2022,Single Family Residential,101 Eunice Ave,Mountain View,CA,94040,3170000,3,2.5,MOUNTAIN VIEW,2084,11700,1951,,1521,,Sold,,,https://www.redfin.com/CA/Mountain-View/101-Eunice-Ave-94040/home/1542294,MLSListings,ML81889902,N,Y,37.3695559,-122.0775083
PAST SALE,October-12-2022,Single Family Residential,1542 Melba Ct,Mountain View,CA,94040,3285000,3,2.0,MOUNTAIN VIEW,1691,5780,1954,,1943,,Sold,,,https://www.redfin.com/CA/Mountain-View/1542-Melba-Ct-94040/home/1259343,MLSListings,ML81905872,N,Y,37.3877456,-122.0922215
PAST SALE,July-19-2022,Single Family Residential,307 Verano Dr,Los Altos,CA,94022,6600000,6,5.0,LOS ALTOS,5100,14385,2003,,1294,,Sold,,,https://www.redfin.com/CA/Los-Altos/307-Verano-Dr-94022/home/633875,MLSListings,ML81895191,N,Y,37.3869665,-122.1019848
PAST SALE,November-10-2022,Single Family Residential,2342 Hilo Ct,Mountain View,CA,94040,3525000,3,2.5,MOUNTAIN VIEW,2333,10450,1976,,1511,,Sold,,,https://www.redfin.com/CA/Mountain-View/2342-Hilo-Ct-94040/home/1531790,MLSListings,ML81909975,N,Y,37.3705155,-122.0740239
PAST SALE,,Single Family Residential,170 Santa Clara Ave,Mountain View,CA,94043,1700000,2,1.0,,1093,4541,1951,,1555,,,,,https://www.redfin.com/CA/Mountain-View/170-Santa-Clara-Ave-94043/home/1447002,,,N,Y,37.3958027,-122.0763099
PAST SALE,April-15-2022,Single Family Residential,1553 Meadow Ln,Mountain View,CA,94040,3650000,5,3.0,MOUNTAIN VIEW,2836,8421,1954,,1287,,Sold,,,https://www.redfin.com/CA/Mountain-View/1553-Meadow-Ln-94040/home/1151171,MLSListings,ML81881257,N,Y,37.3779111,-122.0925544
PAST SALE,October-20-2022,Single Family Residential,575 Sierra Ave,Mountain View,CA,94041,3995000,4,4.0,MOUNTAIN VIEW,2762,5194,2022,,1446,,Sold,,,https://www.redfin.com/CA/Mountain-View/575-Sierra-Ave-94041/home/160980028,MLSListings,ML81909395,N,Y,37.3863399,-122.0804378
PAST SALE,March-22-2022,Single Family Residential,1174 Clark Ave,Mountain View,CA,94040,2300000,3,1.0,Mountain View,1238,9780,1952,,1858,,Sold,,,https://www.redfin.com/CA/Mountain-View/1174-Clark-Ave-94040/home/1057431,CRMLS,DW22013084,N,Y,37.3894677,-122.1013414
PAST SALE,November-18-2022,Single Family Residential,186 Monroe Dr,Palo Alto,CA,94306,3860000,5,5.0,PALO ALTO,3581,9999,2002,,1078,,Sold,,,https://www.redfin.com/CA/Palo-Alto/186-Monroe-Dr-94306/home/12171869,MLSListings,ML81909917,N,Y,37.4087327,-122.115188
PAST SALE,March-11-2022,Single Family Residential,448 Del Medio Ave,Mountain View,CA,94040,2420000,4,2.5,MOUNTAIN VIEW,1572,2262,1996,,1539,98,Sold,,,https://www.redfin.com/CA/Mountain-View/448-Del-Medio-Ave-94040/home/12171627,MLSListings,ML81876234,N,Y,37.4057287,-122.1150086
PAST SALE,June-28-2022,Single Family Residential,1303 Gilmore St,Mountain View,CA,94040,1950000,2,1.0,MOUNTAIN VIEW,1104,5574,1954,,1766,,Sold,,,https://www.redfin.com/CA/Mountain-View/1303-Gilmore-St-94040/home/642177,MLSListings,ML81891287,N,Y,37.3847555,-122.0905129
PAST SALE,February-16-2022,Single Family Residential,179 Eunice Ave,Mountain View,CA,94040,3350000,3,2.0,MOUNTAIN VIEW,1598,7254,1956,,2096,,Sold,,,https://www.redfin.com/CA/Mountain-View/179-Eunice-Ave-94040/home/1376150,MLSListings,ML81876294,N,Y,37.369589,-122.075289
PAST SALE,February-3-2022,Single Family Residential,550 Palo Alto Ave,Mountain View,CA,94041,2800000,2,2.0,MOUNTAIN VIEW,902,7917,1920,,3104,,Sold,,,https://www.redfin.com/CA/Mountain-View/550-Palo-Alto-Ave-94041/home/968088,MLSListings,ML81874562,Y,Y,37.3921351,-122.0885601
PAST SALE,,Single Family Residential,2585 Sun Mor Ave,Mountain View,CA,94040,3600000,4,3.0,,1943,9303,1967,,1853,,,,,https://www.redfin.com/CA/Mountain-View/2585-Sun-Mor-Ave-94040/home/1785964,,,N,Y,37.366025,-122.0697626
PAST SALE,April-25-2022,Single Family Residential,1355 Bonita Ave,Mountain View,CA,94040,2920000,3,2.0,Mountain View,1394,6241,1953,,2095,,Sold,,,https://www.redfin.com/CA/Mountain-View/1355-Bonita-Ave-94040/home/1705715,San Francisco MLS,421616307,N,Y,37.3777577,-122.0800384
PAST SALE,September-7-2022,Single Family Residential,459 Burgoyne St,Mountain View,CA,94043,1980000,3,2.0,MOUNTAIN VIEW,1312,5000,1950,,1509,,Sold,,,https://www.redfin.com/CA/Mountain-View/459-Burgoyne-St-94043/home/612948,MLSListings,ML81901896,N,Y,37.4030287,-122.0865185
PAST SALE,August-19-2022,Single Family Residential,254 Bonny St,Mountain View,CA,94043,2100000,3,2.0,MOUNTAIN VIEW,1545,5880,1950,,1359,,Sold,,,https://www.redfin.com/CA/Mountain-View/254-Bonny-St-94043/home/1272322,MLSListings,ML81900336,N,Y,37.4019428,-122.0894893
PAST SALE,May-27-2022,Single Family Residential,708 Casita Way,Los Altos,CA,94022,4000000,4,2.0,LOS ALTOS,1901,10296,1957,,2104,,Sold,,,https://www.redfin.com/CA/Los-Altos/708-Casita-Way-94022/home/1309767,MLSListings,ML81887282,N,Y,37.3949104,-122.1034936
PAST SALE,,Single Family Residential,1350 Phyllis Ave,Mountain View,CA,94040,2145000,3,2.0,,1196,6451,1955,,1793,,,,,https://www.redfin.com/CA/Mountain-View/1350-Phyllis-Ave-94040/home/646568,,,N,Y,37.3777345,-122.0781298
PAST SALE,August-31-2022,Single Family Residential,620 Chesley Ave,Mountain View,CA,94040,2968000,4,2.5,MOUNTAIN VIEW,1943,8005,1967,,1528,,Sold,,,https://www.redfin.com/CA/Mountain-View/620-Chesley-Ave-94040/home/647541,MLSListings,ML81901089,N,Y,37.3679347,-122.0699623
PAST SALE,April-4-2022,Single Family Residential,1107 Ana Privada,Mountain View,CA,94040,2500000,3,3.0,MOUNTAIN VIEW,2022,3920,1985,,1236,310,Sold,,,https://www.redfin.com/CA/Mountain-View/1107-Ana-Privada-94040/home/1561733,MLSListings,ML81878470,N,Y,37.372158,-122.060997
PAST SALE,April-18-2022,Single Family Residential,679 Sleeper Ave,Mountain View,CA,94040,4388000,2,1.0,MOUNTAIN VIEW,1220,25939,1949,,3597,,Sold,,,https://www.redfin.com/CA/Mountain-View/679-Sleeper-Ave-94040/home/1210285,MLSListings,ML81884267,N,Y,37.3713003,-122.0717379
PAST SALE,February-14-2022,Single Family Residential,1284 Paula Ct,Los Altos,CA,94024,4058800,4,4.0,LOS ALTOS,3146,12686,1920,,1290,,Sold,,,https://www.redfin.com/CA/Los-Altos/1284-Paula-Ct-94024/home/1376071,MLSListings,ML81875114,N,Y,37.3601104,-122.0788399
PAST SALE,November-10-2022,Single Family Residential,1099 Nilda Ave,Mountain View,CA,94040,2725000,3,2.0,MOUNTAIN VIEW,1364,5668,1952,,1998,,Sold,,,https://www.redfin.com/CA/Mountain-View/1099-Nilda-Ave-94040/home/897236,MLSListings,ML81909626,N,Y,37.3810352,-122.0793726
PAST SALE,,Single Family Residential,445 Farrel Ct,Mountain View,CA,94043,1575000,3,2.5,,1429,2441,1998,,1102,,,,,https://www.redfin.com/CA/Mountain-View/445-Farrel-Ct-94043/home/1115100,,,N,Y,37.3883142,-122.0586424
PAST SALE,September-12-2022,Single Family Residential,1724 Pilgrim Ave,Mountain View,CA,94040,3010000,3,2.0,MOUNTAIN VIEW,1560,11100,1949,,1929,,Sold,,,https://www.redfin.com/CA/Mountain-View/1724-Pilgrim-Ave-94040/home/826908,MLSListings,ML81903454,N,Y,37.3895648,-122.097303
PAST SALE,April-19-2022,Single Family Residential,1215 Townsend Ter,Sunnyvale,CA,94087,2395000,3,2.5,SUNNYVALE,1685,4303,1995,,1421,,Sold,,,https://www.redfin.com/CA/Sunnyvale/1215-Townsend-Ter-94087/home/1559134,MLSListings,ML81880272,N,Y,37.3545048,-122.0598854
PAST SALE,April-1-2022,Single Family Residential,123 Fair Oaks Ave,Mountain View,CA,94040,2260000,4,4.5,MOUNTAIN VIEW,2015,2827,2022,,1122,,Sold,,,https://www.redfin.com/CA/Mountain-View/123-Fair-Oaks-Ave-94040/home/168869269,MLSListings,ML81881716,N,Y,37.4024742,-122.0986676
PAST SALE,November-4-2022,Single Family Residential,3400 Pyramid Way,Mountain View,CA,94043,2200000,4,4.0,MOUNTAIN VIEW,2161,1887,2018,,1018,158,Sold,,,https://www.redfin.com/CA/Mountain-View/3400-Pyramid-Way-94043/home/143042963,MLSListings,ML81905255,N,Y,37.3917729,-122.0566407
PAST SALE,March-10-2022,Single Family Residential,440 Chiquita Ave,Mountain View,CA,94041,3200000,4,3.0,MOUNTAIN VIEW,2051,5223,2022,,1560,,Sold,,,https://www.redfin.com/CA/Mountain-View/440-Chiquita-Ave-94041/home/1391648,MLSListings,ML81875925,N,Y,37.3947716,-122.0916224
PAST SALE,May-12-2022,Single Family Residential,424 Dell Ave,Mountain View,CA,94043,2600000,3,2.0,MOUNTAIN VIEW,1223,5616,1955,,2126,,Sold,,,https://www.redfin.com/CA/Mountain-View/424-Dell-Ave-94043/home/763355,MLSListings,ML81886954,N,Y,37.4105194,-122.1019208
PAST SALE,March-16-2022,Single Family Residential,917 Boranda Ave,Mountain View,CA,94040,2717000,3,2.5,MOUNTAIN VIEW,1756,2983,1989,,1547,,Sold,,,https://www.redfin.com/CA/Mountain-View/917-Boranda-Ave-94040/home/644624,MLSListings,ML81877698,N,Y,37.3834984,-122.0814141
PAST SALE,May-10-2022,Single Family Residential,1739 Marich Way,Mountain View,CA,94040,2550000,3,2.0,MOUNTAIN VIEW,1523,9919,1950,,1674,,Sold,,,https://www.redfin.com/CA/Mountain-View/1739-Marich-Way-94040/home/636792,MLSListings,ML81885561,N,Y,37.3906247,-122.096837
PAST SALE,December-29-2022,Single Family Residential,540 Minton Ln,Mountain View,CA,94041,2350000,3,2.5,MOUNTAIN VIEW,1635,2435,1996,,1437,260,Sold,,,https://www.redfin.com/CA/Mountain-View/540-Minton-Ln-94041/home/618263,MLSListings,ML81914477,N,Y,37.3931483,-122.0760471
PAST SALE,July-13-2022,Single Family Residential,555 Yosemite Ave,Mountain View,CA,94041,2875000,2,1.5,MOUNTAIN VIEW,1782,9800,1946,,1613,,Sold,,,https://www.redfin.com/CA/Mountain-View/555-Yosemite-Ave-94041/home/893901,MLSListings,ML81894730,N,Y,37.3855494,-122.080571
PAST SALE,June-24-2022,Single Family Residential,74 Devonshire Ave,Mountain View,CA,94043,1500000,3,2.0,MOUNTAIN VIEW,1188,9583,1938,,1263,,Sold,,,https://www.redfin.com/CA/Mountain-View/74-Devonshire-Ave-94043/home/1797983,MLSListings,ML81891082,N,Y,37.4035275,-122.0588245
PAST SALE,June-24-2022,Single Family Residential,590 Lambert Way,Mountain View,CA,94043,1500000,5,2.0,MOUNTAIN VIEW,2048,8400,1961,,732,,Sold,,,https://www.redfin.com/CA/Mountain-View/590-Lambert-Way-94043/home/1499696,MLSListings,ML81891095,N,Y,37.4037932,-122.0586904
PAST SALE,August-5-2022,Single Family Residential,310 Windmill Park Ln,Mountain View,CA,94043,2325000,3,2.0,MOUNTAIN VIEW,1538,4290,1988,,1512,115,Sold,,,https://www.redfin.com/CA/Mountain-View/310-Windmill-Park-Ln-94043/home/615224,MLSListings,ML81897535,N,Y,37.3989773,-122.0763543
PAST SALE,December-7-2022,Single Family Residential,3395 Truman Ave,Mountain View,CA,94040,2635000,4,2.0,MOUNTAIN VIEW,1941,8400,1963,,1358,,Sold,,,https://www.redfin.com/CA/Mountain-View/3395-Truman-Ave-94040/home/1151255,MLSListings,ML81912136,N,Y,37.3615974,-122.0685197
PAST SALE,July-18-2022,Single Family Residential,1328 Brookdale Ave,Mountain View,CA,94040,2900000,2,1.0,MOUNTAIN VIEW,1266,10560,1948,,2291,,Sold,,,https://www.redfin.com/CA/Mountain-View/1328-Brookdale-Ave-94040/home/641949,MLSListings,ML81896551,N,Y,37.3789575,-122.0903353
PAST SALE,June-24-2022,Single Family Residential,500 Lambert Way,Mountain View,CA,94043,1052000,2,1.0,MOUNTAIN VIEW,1328,4200,1947,,792,,Sold,,,https://www.redfin.com/CA/Mountain-View/500-Lambert-Way-94043/home/621674,MLSListings,ML81891108,N,Y,37.4040569,-122.0586013
PAST SALE,August-5-2022,Single Family Residential,1180 Bruckner Cir,Mountain View,CA,94040,3150000,5,3.0,MOUNTAIN VIEW,2302,8056,1964,,1368,,Sold,,,https://www.redfin.com/CA/Mountain-View/1180-Bruckner-Cir-94040/home/1630092,MLSListings,ML81897769,N,Y,37.3607703,-122.0692077
PAST SALE,April-12-2022,Single Family Residential,1364 PARK Dr,Mountain View,CA,94040,2412000,4,2.0,MOUNTAIN VIEW,1896,6066,1955,,1272,,Sold,,,https://www.redfin.com/CA/Mountain-View/1364-Park-Dr-94040/home/1802402,MLSListings,ML81880723,N,Y,37.3884683,-122.0911342
PAST SALE,November-3-2022,Single Family Residential,540 Pettis Ave,Mountain View,CA,94041,2250000,2,2.0,MOUNTAIN VIEW,1074,7036,1926,,2095,,Sold,,,https://www.redfin.com/CA/Mountain-View/540-Pettis-Ave-94041/home/1222822,MLSListings,ML81908018,N,Y,37.392713,-122.0896252
PAST SALE,March-24-2022,Single Family Residential,2013 Sun Mor Ave,Mountain View,CA,94040,3350000,3,2.0,MOUNTAIN VIEW,2137,11076,1951,,1568,,Sold,,,https://www.redfin.com/CA/Mountain-View/2013-Sun-Mor-Ave-94040/home/685361,MLSListings,ML81879364,N,Y,37.3732025,-122.0698514
PAST SALE,April-13-2022,Single Family Residential,1660 Villa St,Mountain View,CA,94041,2600000,4,2.0,MOUNTAIN VIEW,1894,5988,1938,,1373,,Sold,,,https://www.redfin.com/CA/Mountain-View/1660-Villa-St-94041/home/615718,MLSListings,ML81881774,N,Y,37.3979053,-122.0886845
PAST SALE,June-2-2022,Single Family Residential,1115 Sussex Sq,Mountain View,CA,94040,2900000,4,2.5,MOUNTAIN VIEW,2494,5589,1978,,1163,315,Sold,,,https://www.redfin.com/CA/Mountain-View/1115-Sussex-Sq-94040/home/1484067,MLSListings,ML81888365,N,Y,37.377469,-122.0728033
PAST SALE,September-2-2022,Single Family Residential,661 Lola Ln,Mountain View,CA,94040,2480000,3,2.0,MOUNTAIN VIEW,1196,7200,1955,,2074,,Sold,,,https://www.redfin.com/CA/Mountain-View/661-Lola-Ln-94040/home/648325,MLSListings,ML81901015,N,Y,37.3758784,-122.0823103
PAST SALE,May-13-2022,Single Family Residential,1627 Miramonte Ave,Mountain View,CA,94040,2400000,4,2.5,MOUNTAIN VIEW,1562,6000,1955,,1536,,Sold,,,https://www.redfin.com/CA/Mountain-View/1627-Miramonte-Ave-94040/unit-121/home/646770,MLSListings,ML81882563,N,Y,37.3763566,-122.0867182
PAST SALE,July-29-2022,Single Family Residential,2563 Mardell Way,Mountain View,CA,94043,2275000,3,2.0,MOUNTAIN VIEW,1345,5000,1958,,1691,,Sold,,,https://www.redfin.com/CA/Mountain-View/2563-Mardell-Way-94043/home/1069792,MLSListings,ML81896976,N,Y,37.4120523,-122.1015562
PAST SALE,October-3-2022,Single Family Residential,2450 Alvin St,Mountain View,CA,94043,1850000,3,2.0,MOUNTAIN VIEW,1116,5105,1954,,1658,,Sold,,,https://www.redfin.com/CA/Mountain-View/2450-Alvin-St-94043/home/608214,MLSListings,ML81904775,N,Y,37.4113395,-122.0990781
PAST SALE,May-9-2022,Single Family Residential,145 Santa Rosa Ave,Mountain View,CA,94043,1700000,2,2.0,MOUNTAIN VIEW,1075,3854,1940,,1581,,Sold,,,https://www.redfin.com/CA/Mountain-View/145-Santa-Rosa-Ave-94043/home/1602463,MLSListings,ML81883726,N,Y,37.3955928,-122.0767871
PAST SALE,May-12-2022,Single Family Residential,925 Eichler Dr,Mountain View,CA,94040,3050000,4,2.0,MOUNTAIN VIEW,1912,6201,1972,,1595,,Sold,,,https://www.redfin.com/CA/Mountain-View/925-Eichler-Dr-94040/home/644951,MLSListings,ML81884587,N,Y,37.381447,-122.0875249
PAST SALE,September-29-2022,Single Family Residential,1561 Hollingsworth Dr,Mountain View,CA,94040,3100000,3,2.0,MOUNTAIN VIEW,1785,6380,1954,,1737,,Sold,,,https://www.redfin.com/CA/Mountain-View/1561-Hollingsworth-Dr-94040/home/1447424,MLSListings,ML81903709,N,Y,37.3879877,-122.0925988
PAST SALE,July-29-2022,Single Family Residential,2575 Sun Mor Ave,Mountain View,CA,94040,3100000,5,2.5,MOUNTAIN VIEW,2300,8398,1967,,1348,,Sold,,,https://www.redfin.com/CA/Mountain-View/2575-Sun-Mor-Ave-94040/home/1174532,MLSListings,ML81888571,N,Y,37.3662006,-122.0697404
PAST SALE,December-15-2022,Single Family Residential,685 Drucilla Dr,Mountain View,CA,94040,2325000,4,2.0,Mountain View,1850,7378,1955,,1257,,Sold,,,https://www.redfin.com/CA/Mountain-View/685-Drucilla-Dr-94040/home/579064,MetroList,222135950,N,Y,37.3742605,-122.0816816
PAST SALE,August-29-2022,Single Family Residential,958 Eichler Dr,Mountain View,CA,94040,2800000,3,2.0,MOUNTAIN VIEW,1536,7452,1972,,1823,,Sold,,,https://www.redfin.com/CA/Mountain-View/958-Eichler-Dr-94040/home/1751401,MLSListings,ML81900385,N,Y,37.3824707,-122.0888545
PAST SALE,March-4-2022,Single Family Residential,969 Eichler Dr,Mountain View,CA,94040,3800000,3,2.5,MOUNTAIN VIEW,2595,13014,1972,,1464,,Sold,,,https://www.redfin.com/CA/Mountain-View/969-Eichler-Dr-94040/home/644151,MLSListings,ML81877534,N,Y,37.3824265,-122.0894699
PAST SALE,April-15-2022,Single Family Residential,746 RUSTIC Ln,Mountain View,CA,94040,3527575,4,2.5,MOUNTAIN VIEW,2298,8624,1975,,1535,,Sold,,,https://www.redfin.com/CA/Mountain-View/746-Rustic-Ln-94040/home/1246875,MLSListings,ML81880599,N,Y,37.3800821,-122.0856345
PAST SALE,August-22-2022,Single Family Residential,936 E Cardinal Dr,Sunnyvale,CA,94087,2215000,3,1.5,SUNNYVALE,1486,5700,1954,,1491,,Sold,,,https://www.redfin.com/CA/Sunnyvale/936-E-Cardinal-Dr-94087/home/650530,MLSListings,ML81899071,N,Y,37.3642866,-122.0605513
PAST SALE,September-14-2022,Single Family Residential,1449 Mercy St,Mountain View,CA,94041,1950000,3,3.0,MOUNTAIN VIEW,1150,5000,1956,,1696,,Sold,,,https://www.redfin.com/CA/Mountain-View/1449-Mercy-St-94041/home/616232,MLSListings,ML81901906,N,Y,37.3927565,-122.0887376
PAST SALE,November-29-2022,Single Family Residential,201 Jason Way,Mountain View,CA,94043,1950000,2,2.0,MOUNTAIN VIEW,1389,6710,1978,,1404,,Sold,,,https://www.redfin.com/CA/Mountain-View/201-Jason-Way-94043/home/1112666,MLSListings,ML81910363,N,Y,37.394579,-122.0720441
PAST SALE,November-7-2022,Single Family Residential,1136 Miramonte Ave,Los Altos,CA,94024,4300000,4,3.5,LOS ALTOS,3025,15210,2007,,1421,,Sold,,,https://www.redfin.com/CA/Los-Altos/1136-Miramonte-Ave-94024/home/814079,MLSListings,ML81908123,N,Y,37.3625226,-122.0880497
PAST SALE,August-29-2022,Single Family Residential,760 Leona Ln,Mountain View,CA,94040,2700000,4,2.5,MOUNTAIN VIEW,1562,6500,1955,,1729,,Sold,,,https://www.redfin.com/CA/Mountain-View/760-Leona-Ln-94040/home/1432666,MLSListings,ML81900360,N,Y,37.3746147,-122.0844768
PAST SALE,December-19-2022,Single Family Residential,713 Sunshine Dr,Los Altos,CA,94024,3280000,3,2.0,LOS ALTOS,1761,12750,1948,,1863,,Sold,,,https://www.redfin.com/CA/Los-Altos/713-Sunshine-Dr-94024/home/742963,MLSListings,ML81912018,N,Y,37.3793881,-122.0954835
PAST SALE,July-12-2022,Single Family Residential,2701 Katrina Way,Mountain View,CA,94040,2900000,3,2.0,MOUNTAIN VIEW,1726,8382,1925,,1680,,Sold,,,https://www.redfin.com/CA/Mountain-View/2701-Katrina-Way-94040/home/1346277,MLSListings,ML81893249,N,Y,37.3656249,-122.0679204
PAST SALE,June-15-2022,Single Family Residential,2774 Doverton Sq,Mountain View,CA,94040,3350000,4,3.0,MOUNTAIN VIEW,2080,9147,1964,,1611,,Sold,,,https://www.redfin.com/CA/Mountain-View/2774-Doverton-Sq-94040/home/1223477,MLSListings,ML81889099,N,Y,37.3641875,-122.0703175
PAST SALE,December-1-2022,Single Family Residential,1303 Cuernavaca Circulo,Mountain View,CA,94040,2150000,3,2.5,MOUNTAIN VIEW,2261,4386,1986,,951,310,Sold,,,https://www.redfin.com/CA/Mountain-View/1303-Cuernavaca-Circulo-94040/home/709086,MLSListings,ML81910323,N,Y,37.3717193,-122.0604181
PAST SALE,July-5-2022,Single Family Residential,2504 Katrina Way,Mountain View,CA,94040,3650000,5,3.0,MOUNTAIN VIEW,2605,8250,1967,,1401,,Sold,,,https://www.redfin.com/CA/Mountain-View/2504-Katrina-Way-94040/home/1722716,MLSListings,ML81890532,N,Y,37.3679619,-122.0686306
PAST SALE,May-26-2022,Single Family Residential,520 Franklin St,Mountain View,CA,94041,2050000,2,1.5,MOUNTAIN VIEW,948,2500,1940,,2162,,Sold,,,https://www.redfin.com/CA/Mountain-View/520-Franklin-St-94041/home/618632,MLSListings,ML81885763,N,Y,37.3906299,-122.0839886
PAST SALE,April-12-2022,Single Family Residential,128 Bonny St,Mountain View,CA,94043,2100000,3,2.0,MOUNTAIN VIEW,1331,6597,1950,,1578,,Sold,,,https://www.redfin.com/CA/Mountain-View/128-Bonny-St-94043/home/1391976,MLSListings,ML81878972,N,Y,37.4006553,-122.0900247
PAST SALE,,Single Family Residential,137 Azalea Dr,Mountain View,CA,94041,2150000,3,3.0,,1844,1556,2008,,1166,,,,,https://www.redfin.com/CA/Mountain-View/137-Azalea-Dr-94041/home/17288338,,,N,Y,37.3891629,-122.0727145
PAST SALE,June-29-2022,Single Family Residential,242 Bonny St,Mountain View,CA,94043,3000000,4,4.5,MOUNTAIN VIEW,2341,6272,2016,,1282,,Sold,,,https://www.redfin.com/CA/Mountain-View/242-Bonny-St-94043/home/1159891,MLSListings,ML81885146,N,Y,37.4018021,-122.0895809
PAST SALE,September-14-2022,Single Family Residential,1276 Susan Way,Sunnyvale,CA,94087,2010000,3,1.0,SUNNYVALE,1065,6100,1952,,1887,,Sold,,,https://www.redfin.com/CA/Sunnyvale/1276-Susan-Way-94087/home/1632873,MLSListings,ML81897363,N,Y,37.3685364,-122.0607067
PAST SALE,March-29-2022,Single Family Residential,992 Sleeper Ave,Mountain View,CA,94040,3155000,5,2.5,MOUNTAIN VIEW,2640,16447,1917,,1195,,Sold,,,https://www.redfin.com/CA/Mountain-View/992-Sleeper-Ave-94040/home/648582,MLSListings,ML81876831,N,Y,37.3720063,-122.0684087
PAST SALE,June-30-2022,Single Family Residential,1893 Anthony Ct,Mountain View,CA,94040,3360000,4,3.5,MOUNTAIN VIEW,2412,7140,1951,,1393,,Sold,,,https://www.redfin.com/CA/Mountain-View/1893-Anthony-Ct-94040/home/1525248,MLSListings,ML81891079,N,Y,37.3900675,-122.0983664
PAST SALE,November-4-2022,Single Family Residential,536 View St,Mountain View,CA,94041,3600000,4,3.5,MOUNTAIN VIEW,2372,8160,1971,,1518,,Sold,,,https://www.redfin.com/CA/Mountain-View/536-View-St-94041/home/618816,MLSListings,ML81906903,N,Y,37.3886178,-122.0797277
PAST SALE,April-25-2022,Single Family Residential,3396 Truman Ave,Mountain View,CA,94040,3250000,4,2.5,MOUNTAIN VIEW,2238,9568,1965,,1452,,Sold,,,https://www.redfin.com/CA/Mountain-View/3396-Truman-Ave-94040/home/968903,MLSListings,ML81880125,N,Y,37.3614995,-122.0690302
PAST SALE,July-13-2022,Single Family Residential,1187 Fairbrook Dr,Mountain View,CA,94040,3400000,6,3.5,MOUNTAIN VIEW,2962,7875,1965,,1148,,Sold,,,https://www.redfin.com/CA/Mountain-View/1187-Fairbrook-Dr-94040/home/1575915,MLSListings,ML81892666,N,Y,37.3638921,-122.0676319
PAST SALE,June-10-2022,Single Family Residential,365 Palo Alto Ave,Mountain View,CA,94041,2420000,3,2.0,MOUNTAIN VIEW,1314,7275,1941,,1842,,Sold,,,https://www.redfin.com/CA/Mountain-View/365-Palo-Alto-Ave-94041/home/615921,MLSListings,ML81887992,N,Y,37.3943492,-122.086696
PAST SALE,June-8-2022,Single Family Residential,336 N Whisman Rd,Mountain View,CA,94043,2550000,3,2.0,MOUNTAIN VIEW,1740,6900,1956,,1466,,Sold,,,https://www.redfin.com/CA/Mountain-View/336-N-Whisman-Rd-94043/home/1186720,MLSListings,ML81888849,N,Y,37.3983889,-122.0594421
PAST SALE,October-11-2022,Single Family Residential,3367 Grant Rd,Mountain View,CA,94040,3000000,5,2.5,MOUNTAIN VIEW,2244,18400,1949,,1337,,Sold,,,https://www.redfin.com/CA/Mountain-View/3367-Grant-Rd-94040/home/1210276,MLSListings,ML81904202,N,Y,37.3620394,-122.0774862
PAST SALE,May-12-2022,Single Family Residential,4043 Ben Lomond Dr,Palo Alto,CA,94306,3488888,4,2.0,PALO ALTO,1848,7265,1955,,1888,,Sold,,,https://www.redfin.com/CA/Palo-Alto/4043-Ben-Lomond-Dr-94306/home/1541228,MLSListings,ML81881540,N,Y,37.4124493,-122.112191
PAST SALE,April-27-2022,Single Family Residential,102 Fair Oaks Ave,Mountain View,CA,94040,1823000,3,2.5,MOUNTAIN VIEW,1206,3150,2004,,1512,,Sold,,,https://www.redfin.com/CA/Mountain-View/102-Fair-Oaks-Ave-94040/home/12177546,MLSListings,ML81880647,N,Y,37.4030094,-122.0988661
PAST SALE,July-26-2022,Single Family Residential,768 Alice Ave,Mountain View,CA,94041,2150000,4,4.0,MOUNTAIN VIEW,2124,9916,1953,,1012,,Sold,,,https://www.redfin.com/CA/Mountain-View/768-Alice-Ave-94041/home/1602611,MLSListings,ML81894210,N,Y,37.3815081,-122.0671268
PAST SALE,September-7-2022,Single Family Residential,766 Cuesta Dr,Mountain View,CA,94040,2150000,3,2.0,MOUNTAIN VIEW,1178,6624,1955,,1825,,Sold,,,https://www.redfin.com/CA/Mountain-View/766-Cuesta-Dr-94040/home/1045209,MLSListings,ML81900155,N,Y,37.3739446,-122.0848319
PAST SALE,January-3-2023,Single Family Residential,1027 Varsity Ct,Mountain View,CA,94040,3265000,4,2.0,MOUNTAIN VIEW,1744,9681,1958,,1872,,Sold,,,https://www.redfin.com/CA/Mountain-View/1027-Varsity-Ct-94040/home/894492,MLSListings,ML81911587,N,Y,37.3759123,-122.0924656
PAST SALE,June-13-2022,Single Family Residential,3618 Pyramid Way,Mountain View,CA,94043,2040000,3,3.5,MOUNTAIN VIEW,1776,1425,2018,,1149,158,Sold,,,https://www.redfin.com/CA/Mountain-View/3618-Pyramid-Way-94043/home/143042994,MLSListings,ML81888715,N,Y,37.3925247,-122.0568212
PAST SALE,September-26-2022,Single Family Residential,1660 Lee Dr,Mountain View,CA,94040,2380000,3,1.5,MOUNTAIN VIEW,1214,5671,1952,,1960,,Sold,,,https://www.redfin.com/CA/Mountain-View/1660-Lee-Dr-94040/home/1463655,MLSListings,ML81902423,N,Y,37.3756309,-122.0907205
PAST SALE,September-26-2022,Single Family Residential,683 Mountain View Ave,Mountain View,CA,94041,2100000,3,2.0,MOUNTAIN VIEW,1272,5000,1946,,1651,,Sold,,,https://www.redfin.com/CA/Mountain-View/683-Mountain-View-Ave-94041/home/1459054,MLSListings,ML81902427,N,Y,37.3899199,-122.0880719
PAST SALE,October-21-2022,Single Family Residential,239 Oak St,Mountain View,CA,94041,1750000,6,2.5,MOUNTAIN VIEW,1754,7406,1925,,998,,Sold,,,https://www.redfin.com/CA/Mountain-View/239-Oak-St-94041/home/180335940,MLSListings,ML81898986,N,Y,37.3945504,-122.0824352
PAST SALE,August-8-2022,Single Family Residential,1433 Brookmill Rd,Los Altos,CA,94024,3800000,4,4.0,LOS ALTOS,2977,12754,1957,,1276,,Sold,,,https://www.redfin.com/CA/Los-Altos/1433-Brookmill-Rd-94024/home/1275500,MLSListings,ML81897175,N,Y,37.3539374,-122.0625712
PAST SALE,June-24-2022,Single Family Residential,257 Fay Way,Mountain View,CA,94043,2100000,3,2.0,MOUNTAIN VIEW,1344,5750,1955,,1563,,Sold,,,https://www.redfin.com/CA/Mountain-View/257-Fay-Way-94043/home/1466175,MLSListings,ML81888259,N,Y,37.4062106,-122.0963267
PAST SALE,December-15-2022,Single Family Residential,630 Chesley Ave,Mountain View,CA,94040,2760000,4,2.5,MOUNTAIN VIEW,2340,8209,1966,,1179,,Sold,,,https://www.redfin.com/CA/Mountain-View/630-Chesley-Ave-94040/home/1684394,MLSListings,ML81912145,N,Y,37.3679026,-122.069696
PAST SALE,July-14-2022,Single Family Residential,1191 Bruckner Cir,Mountain View,CA,94040,3250000,4,2.0,MOUNTAIN VIEW,2007,8300,1963,,1619,,Sold,,,https://www.redfin.com/CA/Mountain-View/1191-Bruckner-Cir-94040/home/647765,MLSListings,ML81892546,N,Y,37.3603495,-122.0689858
PAST SALE,,Single Family Residential,456 Farley St,Mountain View,CA,94043,3530000,4,2.5,,2175,6188,2019,,1623,,,,,https://www.redfin.com/CA/Mountain-View/456-Farley-St-94043/home/1291661,,,N,Y,37.4038887,-122.0896252
PAST SALE,September-2-2022,Single Family Residential,265 Chiquita,Mountain View,CA,94041,1950000,3,2.0,Ca Mountain View,1391,6500,1930,,1402,,Sold,,,https://www.redfin.com/CA/Mountain-View/265-Chiquita-Ave-94041/home/688703,"bridgeMLS, Bay East AOR, or Contra Costa AOR",40999641,N,Y,37.3971392,-122.0895919
PAST SALE,June-8-2022,Single Family Residential,2010 Sun Mor Ave,Mountain View,CA,94040,5000000,4,3.5,MOUNTAIN VIEW,2995,11825,2017,,1669,,Sold,,,https://www.redfin.com/CA/Mountain-View/2010-Sun-Mor-Ave-94040/home/161027654,MLSListings,ML81890534,N,Y,37.3734296,-122.0705468
PAST SALE,July-15-2022,Single Family Residential,355 Fay Way,Mountain View,CA,94043,2080000,3,2.0,MOUNTAIN VIEW,1344,5000,1955,,1548,,Sold,,,https://www.redfin.com/CA/Mountain-View/355-Fay-Way-94043/home/1349842,MLSListings,ML81891813,N,Y,37.4080569,-122.0953059
PAST SALE,July-19-2022,Single Family Residential,1006 Judson Dr,Mountain View,CA,94040,1950000,3,1.0,MOUNTAIN VIEW,974,5590,1951,,2002,,Sold,,,https://www.redfin.com/CA/Mountain-View/1006-Judson-Dr-94040/home/684966,MLSListings,ML81895287,N,Y,37.3914598,-122.0993444
PAST SALE,August-15-2022,Single Family Residential,2678 Saint Giles Ln,Mountain View,CA,94040,3900000,4,2.5,MOUNTAIN VIEW,2838,9016,1972,,1374,,Sold,,,https://www.redfin.com/CA/Mountain-View/2678-St-Giles-Ln-94040/home/1748446,MLSListings,ML81894352,N,Y,37.3663194,-122.0712718
PAST SALE,June-23-2022,Single Family Residential,1490 California St,Mountain View,CA,94041,1875000,3,1.5,MOUNTAIN VIEW,1276,6545,1924,,1469,,Sold,,,https://www.redfin.com/CA/Mountain-View/1490-California-St-94041/home/1716743,MLSListings,ML81891307,N,Y,37.3944715,-122.0880275
PAST SALE,July-20-2022,Single Family Residential,1095 Wright Ave,Mountain View,CA,94043,1720000,3,2.5,MOUNTAIN VIEW,1365,3640,2008,,1260,,Sold,,,https://www.redfin.com/CA/Mountain-View/1095-Wright-Ave-94043/home/17294271,MLSListings,ML81891318,N,Y,37.4002813,-122.085187
PAST SALE,September-2-2022,Single Family Residential,609 Spargur Dr,Los Altos,CA,94022,4850000,5,4.0,LOS ALTOS,3065,13802,1951,,1582,,Sold,,,https://www.redfin.com/CA/Los-Altos/609-Spargur-Dr-94022/home/894344,MLSListings,ML81900819,N,Y,37.3875148,-122.0996772
PAST SALE,August-19-2022,Single Family Residential,1424 Brookdale Ave,Mountain View,CA,94040,2575000,4,2.0,MOUNTAIN VIEW,1739,11040,1950,,1481,,Sold,,,https://www.redfin.com/CA/Mountain-View/1424-Brookdale-Ave-94040/home/640727,MLSListings,ML81896385,N,Y,37.3778335,-122.0902688
PAST SALE,November-10-2022,Single Family Residential,970 Gest Dr,Mountain View,CA,94040,3807000,4,3.0,MOUNTAIN VIEW,2583,8978,1963,,1474,,Sold,,,https://www.redfin.com/CA/Mountain-View/970-Gest-Dr-94040/home/1223433,MLSListings,ML81906424,N,Y,37.3684972,-122.0884719
PAST SALE,August-25-2022,Single Family Residential,541 Leona Ln,Mountain View,CA,94040,3800000,4,3.0,MOUNTAIN VIEW,2249,6552,1956,,1690,,Sold,,,https://www.redfin.com/CA/Mountain-View/541-Leona-Ln-94040/home/769128,MLSListings,ML81899233,N,Y,37.376676,-122.0809483
PAST SALE,November-29-2022,Single Family Residential,731 Independence Ave,Mountain View,CA,94043,1798000,2,2.5,MOUNTAIN VIEW,1566,1414,2022,,1148,330,Sold,,,https://www.redfin.com/CA/Mountain-View/731-Independence-Ave-94043/home/176495078,MLSListings,ML81907820,N,Y,37.4134904,-122.0972809
PAST SALE,July-26-2022,Single Family Residential,324 Alicia Way,Los Altos,CA,94022,7500000,6,7.5,LOS ALTOS,6634,10224,2021,,1131,,Sold,,,https://www.redfin.com/CA/Los-Altos/324-Alicia-Way-94022/home/1500033,MLSListings,ML81894245,N,Y,37.3872623,-122.1069549
PAST SALE,December-2-2022,Single Family Residential,1446 San Luis Ave,Mountain View,CA,94043,1785000,3,2.0,MOUNTAIN VIEW,1415,6635,1964,,1261,,Sold,,,https://www.redfin.com/CA/Mountain-View/1446-San-Luis-Ave-94043/home/1302699,MLSListings,ML81909019,N,Y,37.4060395,-122.0842584
PAST SALE,May-4-2022,Single Family Residential,2212 Leland Ave,Mountain View,CA,94040,2120000,4,3.0,MOUNTAIN VIEW,1791,4628,2019,,1184,,Sold,,,https://www.redfin.com/CA/Mountain-View/2212-Leland-Ave-94040/home/12109029,MLSListings,ML81879563,N,Y,37.4036524,-122.0996994
PAST SALE,September-12-2022,Single Family Residential,486 N Whisman Rd,Mountain View,CA,94043,1685000,4,2.0,MOUNTAIN VIEW,1566,5250,1954,,1076,,Sold,,,https://www.redfin.com/CA/Mountain-View/486-N-Whisman-Rd-94043/home/1462002,MLSListings,ML81899503,N,Y,37.4014999,-122.0583316
PAST SALE,May-6-2022,Single Family Residential,1130 Castro St,Mountain View,CA,94040,2460000,3,2.0,MOUNTAIN VIEW,1486,5361,1950,,1655,,Sold,,,https://www.redfin.com/CA/Mountain-View/1130-Castro-St-94040/home/578942,MLSListings,ML81879314,N,Y,37.3833853,-122.0856382
PAST SALE,August-19-2022,Single Family Residential,2541 Fairbrook Dr,Mountain View,CA,94040,3066000,4,3.0,MOUNTAIN VIEW,2120,8026,1963,,1446,,Sold,,,https://www.redfin.com/CA/Mountain-View/2541-Fairbrook-Dr-94040/home/1855327,MLSListings,ML81899175,N,Y,37.3668823,-122.0669882
PAST SALE,October-28-2022,Single Family Residential,1916 Orangetree Ln,Mountain View,CA,94040,3250000,3,2.0,MOUNTAIN VIEW,1690,8440,1963,,1923,,Sold,,,https://www.redfin.com/CA/Mountain-View/1916-Orangetree-Ln-94040/home/880079,MLSListings,ML81902633,N,Y,37.3676644,-122.0946181
PAST SALE,December-30-2022,Single Family Residential,432 Sierra Vista Ave,Mountain View,CA,94043,2188000,4,3.5,Mountain View,1890,1075,,,1158,367,Sold,,,https://www.redfin.com/CA/Mountain-View/432-Sierra-Vista-Ave-94043/home/179840297,San Francisco MLS,422667834,N,Y,37.4082073,-122.0899928
PAST SALE,December-12-2022,Single Family Residential,2503 Katrina Way,Mountain View,CA,94040,3100000,4,2.5,MOUNTAIN VIEW,2118,11403,1966,,1464,,Sold,,,https://www.redfin.com/CA/Mountain-View/2503-Katrina-Way-94040/home/648871,MLSListings,ML81908184,N,Y,37.3679607,-122.0680758
PAST SALE,June-27-2022,Single Family Residential,102 Avellino Way,Mountain View,CA,94043,2148000,4,3.5,MOUNTAIN VIEW,1916,2299,2014,,1121,192,Sold,,,https://www.redfin.com/CA/Mountain-View/102-Avellino-Way-94043/home/95956335,MLSListings,ML81889973,N,Y,37.3924084,-122.0657008
PAST SALE,June-17-2022,Single Family Residential,216 Mountain View Ave,Mountain View,CA,94041,2475000,5,5.0,Mountain View,2450,7067,1957,,1010,,Sold,,,https://www.redfin.com/CA/Mountain-View/216-Mountain-View-Ave-94041/home/684543,"bridgeMLS, Bay East AOR, or Contra Costa AOR",40993542,N,Y,37.395848,-122.0849651
PAST SALE,December-8-2022,Single Family Residential,538 Thompson Ave,Mountain View,CA,94043,2348000,3,2.0,MOUNTAIN VIEW,1328,13050,1973,,1768,,Sold,,,https://www.redfin.com/CA/Mountain-View/538-Thompson-Ave-94043/home/1227426,MLSListings,ML81907643,N,Y,37.4112294,-122.0959721
PAST SALE,August-15-2022,Single Family Residential,1041 Robin Way,Sunnyvale,CA,94087,2960000,5,5.0,SUNNYVALE,2986,15405,1954,,991,,Sold,,,https://www.redfin.com/CA/Sunnyvale/1041-Robin-Way-94087/home/941727,MLSListings,ML81895296,N,Y,37.3621956,-122.0612616
PAST SALE,January-5-2023,Single Family Residential,1746 Hawkins Dr,Los Altos,CA,94024,2650000,4,2.5,LOS ALTOS,2064,12685,1968,,1284,,Sold,,,https://www.redfin.com/CA/Los-Altos/1746-Hawkins-Dr-94024/home/1281179,MLSListings,ML81908869,N,Y,37.3581474,-122.0634813
PAST SALE,December-8-2022,Single Family Residential,2732 Doverton Sq,Mountain View,CA,94040,2850000,4,3.0,MOUNTAIN VIEW,1966,8347,1964,,1450,,Sold,,,https://www.redfin.com/CA/Mountain-View/2732-Doverton-Sq-94040/home/1736953,MLSListings,ML81905375,N,Y,37.3649812,-122.0694297
PAST SALE,August-30-2022,Single Family Residential,740 Hope St,Mountain View,CA,94041,3950000,5,5.5,MOUNTAIN VIEW,3363,8233,1946,,1175,,Sold,,,https://www.redfin.com/CA/Mountain-View/740-Hope-St-94041/home/621239,MLSListings,ML81887673,N,Y,37.38714,-122.0822576
PAST SALE,January-4-2023,Single Family Residential,632 Hollingsworth Dr,Los Altos,CA,94022,5300000,4,3.5,LOS ALTOS,3933,13335,2001,,1348,,Sold,,,https://www.redfin.com/CA/Los-Altos/632-Hollingsworth-Dr-94022/home/633408,MLSListings,ML81908064,N,Y,37.3879603,-122.0987009
PAST SALE,December-15-2022,Single Family Residential,1869 Appletree Ln,Mountain View,CA,94040,3250000,4,2.0,MOUNTAIN VIEW,2134,8970,1958,,1523,,Sold,,,https://www.redfin.com/CA/Mountain-View/1869-Appletree-Ln-94040/home/1495004,MLSListings,ML81907304,N,Y,37.369051,-122.0930329
PAST SALE,February-9-2022,Single Family Residential,355 Palo Alto Ave,Mountain View,CA,94041,2810000,3,2.0,MOUNTAIN VIEW,1512,7218,1912,,1858,,Sold,,,https://www.redfin.com/CA/Mountain-View/355-Palo-Alto-Ave-94041/home/1239467,MLSListings,ML81869679,N,Y,37.3944511,-122.0866072
PAST SALE,December-29-2022,Single Family Residential,2144 Garden Ter,Mountain View,CA,94040,3200000,4,3.0,MOUNTAIN VIEW,2621,6534,1992,,1221,,Sold,,,https://www.redfin.com/CA/Mountain-View/2144-Garden-Ter-94040/home/1722941,MLSListings,ML81905187,N,Y,37.3725468,-122.0774196
PAST SALE,May-23-2022,Single Family Residential,764 Alice Ave,Mountain View,CA,94041,1800000,4,2.5,Ca Mountain View,1841,9877,1953,,978,,Sold,,,https://www.redfin.com/CA/Mountain-View/764-Alice-Ave-94041/home/1292186,"bridgeMLS, Bay East AOR, or Contra Costa AOR",40944018,N,Y,37.3817001,-122.0671214
PAST SALE,October-19-2022,Single Family Residential,495 Alice Ave,Mountain View,CA,94041,1820000,4,3.0,MOUNTAIN VIEW,2494,6250,1945,,730,,Sold,,,https://www.redfin.com/CA/Mountain-View/495-Alice-Ave-94041/home/1669259,MLSListings,ML81881468,N,Y,37.3845007,-122.0665443
PAST SALE,September-21-2022,Single Family Residential,129 Fair Oaks Ave,Mountain View,CA,94040,2100000,4,4.5,MOUNTAIN VIEW,2015,2827,2021,,1042,,Sold,,,https://www.redfin.com/CA/Mountain-View/129-Fair-Oaks-Ave-94040/home/168869270,MLSListings,ML81850573,N,Y,37.4024049,-122.0987003
PAST SALE,September-9-2022,Single Family Residential,1859 San Ramon Ave,Mountain View,CA,94043,2100000,3,1.0,MOUNTAIN VIEW,882,5332,1950,,2381,,Sold,,,https://www.redfin.com/CA/Mountain-View/1859-San-Ramon-Ave-94043/home/612784,MLSListings,ML81874111,N,Y,37.4084653,-122.0865244
PAST SALE,May-23-2022,Single Family Residential,686 Spargur Dr,Los Altos,CA,94022,7100000,6,6.0,LOS ALTOS,5850,16604,2019,,1214,,Sold,,,https://www.redfin.com/CA/Los-Altos/686-Spargur-Dr-94022/home/1280890,MLSListings,ML81857873,N,Y,37.3870566,-122.096482
PAST SALE,November-4-2022,Single Family Residential,1107 High School Way,Mountain View,CA,94041,2300000,3,2.0,MOUNTAIN VIEW,1300,7158,1961,,1769,,Sold,,,https://www.redfin.com/CA/Mountain-View/1107-High-School-Way-94041/home/1164054,MLSListings,ML81874193,N,Y,37.3881713,-122.0867848
PAST SALE,July-11-2022,Single Family Residential,840 Hope,Mountain View,CA,94041,2500000,4,4.0,MOUNTAIN VIEW,2325,2685,2022,,1075,282,Sold,,,https://www.redfin.com/CA/Mountain-View/840-Hope-St-94041/home/178974297,MLSListings,ML81885925,N,Y,37.3864948,-122.0826566
PAST SALE,,Single Family Residential,456 Bush St,Mountain View,CA,94041,4300000,4,3.0,,2536,12938,1922,,1696,,,,,https://www.redfin.com/CA/Mountain-View/456-Bush-St-94041/home/1397060,,,N,Y,37.3893677,-122.07793
PAST SALE,,Single Family Residential,1635 Alison Ave,Mountain View,CA,94040,2300000,3,2.0,,1178,6139,1955,,1952,,,,,https://www.redfin.com/CA/Mountain-View/1635-Alison-Ave-94040/home/1524280,,,N,Y,37.3761388,-122.085764
PAST SALE,,Single Family Residential,4386 Miller Ct,Palo Alto,CA,94306,1600000,4,3.0,,2242,8959,1953,,714,,,,,https://www.redfin.com/CA/Palo-Alto/4386-Miller-Ct-94306/home/2120715,,,N,Y,37.4059933,-122.1154967
PAST SALE,,Single Family Residential,963 Stanley Ave,Los Altos,CA,94024,2800000,4,2.0,,1683,12449,1951,,1664,,,,,https://www.redfin.com/CA/Los-Altos/963-Stanley-Ave-94024/home/1711055,,,N,Y,37.3640171,-122.0880375
PAST SALE,,Single Family Residential,3333 Grant Rd,Mountain View,CA,94040,1350000,3,3.0,,2139,31842,1968,,631,,,,,https://www.redfin.com/CA/Mountain-View/3333-Grant-Rd-94040/home/650416,,,N,Y,37.3626976,-122.0771089
PAST SALE,,Single Family Residential,791 Palo Alto Ave,Mountain View,CA,94041,2800000,3,3.0,,1400,7378,1997,,2000,,,,,https://www.redfin.com/CA/Mountain-View/791-Palo-Alto-Ave-94041/home/1527173,,,N,Y,37.3892256,-122.0895919
PAST SALE,,Single Family Residential,3366 Filomena Ct,Mountain View,CA,94040,3150000,6,5.0,,3958,11895,2022,,796,,,,,https://www.redfin.com/CA/Mountain-View/3366-Filomena-Ct-94040/home/176497434,,,N,Y,37.3620226,-122.075866
PAST SALE,,Single Family Residential,331 Levin Ave,Mountain View,CA,94040,4090000,5,3.0,,2929,8518,2011,,1396,,,,,https://www.redfin.com/CA/Mountain-View/331-Levin-Ave-94040/home/41395765,,,N,Y,37.3654573,-122.0754293
PAST SALE,,Single Family Residential,1675 Springer Rd,Mountain View,CA,94040,2680000,4,2.0,,1721,7271,1954,,1557,,,,,https://www.redfin.com/CA/Mountain-View/1675-Springer-Rd-94040/home/1575864,,,N,Y,37.3749201,-122.0956832
PAST SALE,,Single Family Residential,907 Tanager Ct,Sunnyvale,CA,94087,2550000,3,2.0,,1450,8200,1954,,1759,,,,,https://www.redfin.com/CA/Sunnyvale/907-Tanager-Ct-94087/home/1398147,,,N,Y,37.3665915,-122.0616168
PAST SALE,,Single Family Residential,1600 Begen Ave,Mountain View,CA,94040,2800000,3,2.0,,1178,7113,1955,,2377,,,,,https://www.redfin.com/CA/Mountain-View/1600-Begen-Ave-94040/home/1083685,,,N,Y,37.3771331,-122.0854533
PAST SALE,,Single Family Residential,444 Nicholas Dr,Mountain View,CA,94043,1850000,3,3.0,,1786,2300,1998,,1036,,,,,https://www.redfin.com/CA/Mountain-View/444-Nicholas-Dr-94043/home/621316,,,N,Y,37.3888715,-122.0589087
PAST SALE,,Single Family Residential,836 Bourbon Ct,Mountain View,CA,94041,2152000,4,2.0,,2083,5941,1978,,1033,,,,,https://www.redfin.com/CA/Mountain-View/836-Bourbon-Ct-94041/home/1277471,,,N,Y,37.3778176,-122.0655677
PAST SALE,,Single Family Residential,1960 San Ramon Ave,Mountain View,CA,94043,1738000,3,3.0,,1196,2769,2002,,1453,,,,,https://www.redfin.com/CA/Mountain-View/1960-San-Ramon-Ave-94043/home/1150358,,,N,Y,37.4100513,-122.0902022
